day,start_datetime,end_datetime,activity,calories,distance,intensity,label,source,id
"2024-03-25","2024-03-25T09:03:00-07:00","2024-03-25T09:21:00-07:00","walking","","","moderate","","confirmed","1f049549-82bc-47ef-86e2-8b1b849d79a3"
"2024-03-26","2024-03-26T12:50:00-07:00","2024-03-26T13:03:00-07:00","walking",34.71,584.5950946685994,"moderate","","confirmed","b49f25bf-b6f2-45cc-bef0-e178d9fba495"
"2024-03-26","2024-03-26T13:26:00-07:00","2024-03-26T13:46:00-07:00","walking","",1464.8153109564732,"moderate","","confirmed","b2e6a8f6-f74c-44e8-bfd8-79befa2a3802"
"2024-03-26","2024-03-26T16:36:00-07:00","2024-03-26T16:57:00-07:00","walking","",1613.1860519397674,"moderate","","confirmed","86bb68da-06c9-4911-ae21-53d584774c71"
"2024-03-26","2024-03-26T17:15:00-07:00","2024-03-26T17:33:00-07:00","walking",48.06,1613.206092685663,"moderate","","confirmed","1b36fcd1-c9bc-4ec8-804b-9fe64ffa3220"
"2024-03-27","2024-03-27T09:08:00-07:00","2024-03-27T09:25:00-07:00","walking","",1282.5758420573886,"moderate","","confirmed","ed8f1130-1962-46ae-b451-aeb700727661"
"2024-03-27","2024-03-27T10:55:00-07:00","2024-03-27T11:19:00-07:00","walking","",1582.9014540578241,"moderate","","confirmed","de893f21-e72c-4db1-81d8-9a907a7cffe4"
"2024-03-27","2024-03-27T11:47:00-07:00","2024-03-27T12:11:00-07:00","walking","",1616.3583055298845,"moderate","","confirmed","17dcce9f-9406-4cf0-b7fa-616731d46c12"
"2024-03-27","2024-03-27T12:30:00-07:00","2024-03-27T12:41:00-07:00","walking","",690.4862881822606,"moderate","","confirmed","25d55dbd-5940-40bd-be17-33914f1111d2"
"2024-03-27","2024-03-27T15:51:00-07:00","2024-03-27T16:13:00-07:00","walking","",1556.6144457207945,"moderate","","confirmed","e9cde880-4bad-4b94-aa41-308c073c0fd7"
"2024-03-27","2024-03-27T21:41:00-07:00","2024-03-27T21:51:00-07:00","walking","","","moderate","","confirmed","70558d01-267b-4049-ba31-875a5f78ceff"
"2024-04-01","2024-04-01T12:25:00-07:00","2024-04-01T12:47:00-07:00","walking",58.739999999999995,27.387694760314645,"moderate","","confirmed","924bc13f-81c5-4348-8754-8514ebe4b484"
"2024-04-01","2024-04-01T18:33:00-07:00","2024-04-01T18:44:00-07:00","walking","","","moderate","","confirmed","c57a7d3a-6740-4211-b850-ea5b8cd68c40"
"2024-04-02","2024-04-02T11:24:00-07:00","2024-04-02T11:49:00-07:00","running","",3595.073223912984,"moderate","","confirmed","952fc5a4-6ac7-4fb9-ac74-3f8f3b4a7c31"
"2024-04-02","2024-04-02T13:39:00-07:00","2024-04-02T13:51:00-07:00","walking",32.04,402.4695754124412,"moderate","","confirmed","f5c0a42a-eca3-4461-97bf-472672d9ac77"
"2024-04-02","2024-04-02T13:57:00-07:00","2024-04-02T14:07:00-07:00","walking",26.7,1747.9277876656045,"moderate","","confirmed","ca12f281-903f-4a2c-b1d4-896c72a1609a"
"2024-04-02","2024-04-02T16:37:00-07:00","2024-04-02T16:58:00-07:00","walking","",292.09592988218,"moderate","","confirmed","4ad82396-7f7b-4bd0-9808-f7fad0c65c0d"
"2024-04-04","2024-04-04T10:41:00-07:00","2024-04-04T10:57:00-07:00","walking","",1278.0495978029778,"moderate","","confirmed","3fba2882-aeac-4701-8131-9b8de927459b"
"2024-04-04","2024-04-04T16:35:00-07:00","2024-04-04T16:45:00-07:00","walking",26.7,1749.1324540094288,"moderate","","confirmed","1b1a8dca-d19d-40a0-bde4-fb513d929050"
"2024-04-04","2024-04-04T17:21:00-07:00","2024-04-04T17:34:00-07:00","walking","",1892.798579553242,"moderate","","confirmed","8130d849-0545-424d-872c-8a33a5d56768"
"2024-04-08","2024-04-08T10:10:00-07:00","2024-04-08T10:35:00-07:00","running","",3692.80617900038,"moderate","","confirmed","6d3285ef-5e8c-450d-bf52-ac21475073fb"
"2024-04-08","2024-04-08T11:53:00-07:00","2024-04-08T12:13:00-07:00","walking","",1557.5932426394827,"moderate","","confirmed","638463eb-6997-4732-bf5b-e1f390e9b062"
"2024-04-08","2024-04-08T12:57:00-07:00","2024-04-08T13:07:00-07:00","walking","",639.2858299544379,"moderate","","confirmed","67e7de42-9838-448c-9322-b8653d627c58"
"2024-04-09","2024-04-09T07:58:00-07:00","2024-04-09T08:11:00-07:00","walking","",815.3909009991327,"moderate","","confirmed","0a6caf5b-1e16-4bb8-9688-fef51fa51ead"
"2024-04-09","2024-04-09T09:12:00-07:00","2024-04-09T09:26:00-07:00","walking","",897.6917599626867,"moderate","","confirmed","809ae83c-e321-43ee-8518-7a5b25cdbc48"
"2024-04-09","2024-04-09T09:39:00-07:00","2024-04-09T09:58:00-07:00","walking","",728.4487895634085,"moderate","","confirmed","cb91f91e-2862-4700-bfc7-6a478d79517f"
"2024-04-09","2024-04-09T11:21:00-07:00","2024-04-09T11:46:00-07:00","running","",3801.4189511188133,"moderate","","confirmed","097cd088-19f0-4082-b792-e26f58ee5956"
"2024-04-09","2024-04-09T12:48:00-07:00","2024-04-09T13:13:00-07:00","walking","",2523.293344479408,"moderate","","confirmed","13fbfc7b-f9dc-4357-939f-02b727429a6d"
"2024-04-09","2024-04-09T16:30:00-07:00","2024-04-09T16:57:00-07:00","walking","",437.57448535148706,"moderate","","confirmed","3eef49d9-bddf-4496-8cab-ff311089ddaf"
"2024-04-09","2024-04-09T17:19:00-07:00","2024-04-09T17:39:00-07:00","walking","","","moderate","","confirmed","007f9a08-5e09-48eb-9d89-8816040b5e86"
"2024-04-09","2024-04-09T19:13:00-07:00","2024-04-09T19:33:00-07:00","walking","",766.2853541187725,"moderate","","confirmed","bbb3f8ca-eea5-4302-9336-70bda0a16604"
"2024-04-10","2024-04-10T08:51:00-07:00","2024-04-10T09:13:00-07:00","walking","",1512.4289912446131,"moderate","","confirmed","bb8ab3b3-db66-4afe-b234-fdb01476f680"
"2024-04-10","2024-04-10T11:22:00-07:00","2024-04-10T11:32:00-07:00","walking",26.7,1723.0674714082813,"moderate","","confirmed","5f2b1735-ca3d-459e-bfc6-eb107f451228"
"2024-04-10","2024-04-10T11:46:00-07:00","2024-04-10T12:08:00-07:00","walking","",1574.5105309796277,"moderate","","confirmed","8bbb60f3-d6fb-4e9f-9aac-561066b9a49a"
"2024-04-10","2024-04-10T12:55:00-07:00","2024-04-10T13:05:00-07:00","walking","",701.0389306344385,"moderate","","confirmed","3008e5ac-a866-4752-b81b-a521eb91b0c2"
"2024-04-10","2024-04-10T16:04:00-07:00","2024-04-10T16:31:00-07:00","walking","",1529.86161477188,"moderate","","confirmed","1c29193d-39ad-404e-a511-896d5d426e72"
"2024-04-10","2024-04-10T17:45:00-07:00","2024-04-10T17:57:00-07:00","walking","",109.38295746037744,"moderate","","confirmed","e7152ce7-514e-4616-93e5-7a3ec3aeaedf"
"2024-04-11","2024-04-11T08:38:00-07:00","2024-04-11T09:11:00-07:00","walking","",1637.6950561883007,"moderate","","confirmed","a9d55218-4bd4-4dfb-8fed-4f212d419137"
"2024-04-11","2024-04-11T12:56:00-07:00","2024-04-11T13:11:00-07:00","walking","",1844.7319110225765,"moderate","","confirmed","9a8f70e4-f1d5-469b-b23a-ca9b362af703"
"2024-04-11","2024-04-11T13:33:00-07:00","2024-04-11T13:52:00-07:00","walking","",1359.5142181182587,"moderate","","confirmed","3a6d666d-d472-44df-8bca-41cb1e599a72"
"2024-04-11","2024-04-11T16:37:00-07:00","2024-04-11T16:56:00-07:00","walking","",1368.5818222268927,"moderate","","confirmed","e2448318-59a6-465a-84b4-0fc9fe348221"
"2024-04-12","2024-04-12T11:06:00-07:00","2024-04-12T11:19:00-07:00","walking","",472.28940877457813,"moderate","","confirmed","3aad3982-38da-48f3-ad3a-16c06e174939"
"2024-04-12","2024-04-12T12:46:00-07:00","2024-04-12T13:04:00-07:00","walking","",802.143563906009,"moderate","","confirmed","1dc710af-2168-4dc2-836e-a371eac85e69"
"2024-04-12","2024-04-12T13:30:00-07:00","2024-04-12T13:40:00-07:00","walking","",695.7808247492324,"moderate","","confirmed","2c8f3bd7-5cda-4696-bcd4-111848fae736"
"2024-05-07","2024-05-07T15:23:12-07:00","2024-05-07T16:28:12-07:00","strengthTraining",246.805,44.466580290589896,"moderate","","manual","7e164963-6345-416d-b65e-883aa2eb96cb"
"2024-05-08","2024-05-08T10:54:00-07:00","2024-05-08T11:12:00-07:00","walking",48.06,11.153253850685378,"moderate","","confirmed","0f844c85-b986-45dc-a33d-1cac57be60e6"
"2024-05-08","2024-05-08T11:58:00-07:00","2024-05-08T12:17:00-07:00","running","",2878.1289455074166,"moderate","","confirmed","50ea8d86-f4be-4050-868c-785b31474642"
"2024-05-08","2024-05-08T12:35:00-07:00","2024-05-08T12:52:00-07:00","running","",1955.3665972931378,"moderate","","confirmed","ac043991-f825-426f-a908-c4b1172be2fa"
"2024-05-08","2024-05-08T13:03:00-07:00","2024-05-08T13:19:00-07:00","walking","",974.5797169316546,"moderate","","confirmed","7cc635ce-66ee-4392-903b-39667454e3aa"
"2024-05-08","2024-05-08T14:24:00-07:00","2024-05-08T14:35:00-07:00","walking",29.369999999999997,11.913910913602928,"moderate","","confirmed","efab1c6a-2344-4e5d-970b-20bf92a8c57f"
"2024-05-08","2024-05-08T15:01:00-07:00","2024-05-08T15:18:00-07:00","walking","",74.9249444351051,"moderate","","confirmed","21dcb128-abec-42be-b2a4-62a94fd279b7"
"2024-05-08","2024-05-08T17:56:00-07:00","2024-05-08T18:17:00-07:00","walking","","","moderate","","confirmed","25a40c1c-1afa-4774-872b-a34404aa7101"
"2024-05-13","2024-05-13T15:18:29-07:00","2024-05-13T16:46:29-07:00","strengthTraining",334.136,165.36730176102031,"moderate","","manual","02e49730-303f-49a1-a155-3b355d69c760"
"2024-05-14","2024-05-14T08:35:00-07:00","2024-05-14T08:48:00-07:00","walking",34.71,"","moderate","","confirmed","1e8b6071-4768-4124-8018-c17467ab55ab"
"2024-05-14","2024-05-14T10:28:41-07:00","2024-05-14T12:16:41-07:00","running",852.228,7956.113490870249,"moderate","","manual","fccd2851-8439-4452-9704-b0e524f45bf0"
"2024-05-14","2024-05-14T13:47:33-07:00","2024-05-14T14:06:33-07:00","running",149.929,3806.0705359781623,"moderate","","manual","614ba2d5-e75c-4c88-a4d1-93c1ff91df2a"
"2024-05-15","2024-05-15T16:01:00-07:00","2024-05-15T16:37:00-07:00","walking","","","moderate","","confirmed","a34d8c72-7353-4acb-8dbe-cc4c46385229"
"2024-05-15","2024-05-15T16:04:37-07:00","2024-05-15T17:32:37-07:00","strengthTraining",334.136,110.04917583399907,"moderate","","manual","7281a744-cf81-457c-ab28-e5b6f11dfad8"
"2024-05-16","2024-05-16T10:06:00-07:00","2024-05-16T10:25:00-07:00","walking","",69.69598422727532,"moderate","","confirmed","5eded8c8-dca5-4b12-8721-52f3bd7b4999"
"2024-05-16","2024-05-16T11:51:00-07:00","2024-05-16T12:19:00-07:00","strengthTraining",106.316,24.333144657086464,"moderate","","confirmed","ebd73028-5346-4c7c-b301-3e643d30c1f2"
"2024-05-19","2024-05-19T10:44:00-07:00","2024-05-19T11:01:00-07:00","walking",45.39,"","moderate","","confirmed","71ca7bcf-2c03-4608-ba22-dc766fde9025"
"2024-05-19","2024-05-19T12:01:00-07:00","2024-05-19T12:12:00-07:00","walking",29.369999999999997,"","moderate","","confirmed","f48f1087-f952-4aba-96ca-0a7f2d1723e4"
"2024-05-19","2024-05-19T14:07:00-07:00","2024-05-19T14:17:00-07:00","running",78.91,"","moderate","","confirmed","a162322f-2ca7-432d-89f8-6ec20205147e"
"2024-05-24","2024-05-24T11:17:00-07:00","2024-05-24T11:41:00-07:00","walking","",39.44111193357841,"moderate","","confirmed","f2f87c76-c2bb-4fa5-b567-7e259c6e67ec"
"2024-05-24","2024-05-24T12:32:25-07:00","2024-05-24T13:00:25-07:00","strengthTraining",106.316,43.00415734729391,"moderate","","manual","d6d09694-1a31-4dd1-9e63-102861fbd382"
"2024-05-26","2024-05-26T18:07:00-07:00","2024-05-26T18:26:00-07:00","walking","",96.50163312457433,"moderate","","confirmed","20d6033f-54df-4566-ba39-8c25c676ebab"
"2024-05-26","2024-05-26T18:28:29-07:00","2024-05-26T18:58:29-07:00","pickleball",73.86,317.7381127540163,"moderate","","manual","cba2ed0c-d0c9-4ee1-b87e-0302b2233aab"
"2024-05-28","2024-05-28T18:21:00-07:00","2024-05-28T18:41:00-07:00","strengthTraining",75.94,"","moderate","","confirmed","209c31e0-a6cc-423c-afb7-865b9c6a23b2"
"2024-05-30","2024-05-30T10:13:00-07:00","2024-05-30T10:24:00-07:00","walking","",634.0690910073648,"moderate","","confirmed","e2e79bbb-6d3c-404e-97f3-dc4d320e211a"
"2024-05-30","2024-05-30T11:59:00-07:00","2024-05-30T12:36:00-07:00","walking","",2298.216911821048,"moderate","","confirmed","f6e4bde0-fe2c-4bb1-b7ba-c0dd3a126e12"
"2024-05-30","2024-05-30T17:10:20-07:00","2024-05-30T17:32:20-07:00","strengthTraining",93.98400000000001,6648.433408399361,"hard","","manual","4132959f-7560-4a28-a284-39443e39f084"
"2024-05-30","2024-05-30T17:28:47-07:00","2024-05-30T17:48:47-07:00","running",214.78000000000003,"","hard","","manual","5d9ad753-8704-4034-a8e5-f09dc8d6cd0c"
"2024-06-03","2024-06-03T17:35:00-07:00","2024-06-03T18:05:00-07:00","stairExercise",208.26,39.020945345369796,"moderate","","confirmed","8be524b0-8ce8-49d4-badc-cf1d7214c177"
"2024-06-05","2024-06-05T17:36:00-07:00","2024-06-05T18:04:00-07:00","walking",74.75999999999999,2114.9298480503353,"moderate","","confirmed","d635769e-97cd-47fa-acc7-eb0d220fa69e"
"2024-06-08","2024-06-08T10:43:00-07:00","2024-06-08T11:00:00-07:00","running",134.147,45.41537512706563,"moderate","","confirmed","4acbba4a-6871-427e-80cb-bd4585102211"
"2024-06-08","2024-06-08T11:00:00-07:00","2024-06-08T11:10:00-07:00","running","",11.102299441325856,"moderate","","confirmed","bcb95d5c-e02b-49f7-bc57-a0da9de9ba75"
"2024-06-08","2024-06-08T11:10:00-07:00","2024-06-08T11:32:00-07:00","walking","",31.034411513237867,"moderate","","confirmed","8dffca9e-6802-4454-b76e-2ca64b8f1340"
"2024-06-08","2024-06-08T11:32:00-07:00","2024-06-08T11:50:00-07:00","running","",26.719887619850823,"moderate","","confirmed","581cf63b-3574-4de4-b7e9-d0fc7574f29f"
"2024-06-08","2024-06-08T17:19:00-07:00","2024-06-08T17:29:00-07:00","walking","",671.6127846298356,"moderate","","confirmed","1c976752-78a8-443d-aa0a-6c6fcf03bde4"
"2024-06-08","2024-06-08T18:45:00-07:00","2024-06-08T18:59:00-07:00","walking","",649.0660264561515,"moderate","","confirmed","d2d1a103-9787-4360-9cbb-7eaf7c563961"
"2024-06-09","2024-06-09T10:01:00-07:00","2024-06-09T10:31:00-07:00","walking",80.1,78.50656959754153,"moderate","","confirmed","827198dd-9b22-4669-a4da-71f99746c481"
"2024-06-09","2024-06-09T15:03:00-07:00","2024-06-09T15:57:00-07:00","other",256.33799999999997,890.625791606654,"moderate","","confirmed","0f789e37-9948-4fd1-bb1e-276de33a28ba"
"2024-06-09","2024-06-09T19:50:00-07:00","2024-06-09T20:15:00-07:00","walking",66.75,778.4958133156371,"moderate","","confirmed","3aa27275-981c-4601-aea9-445010bfd3b6"
"2024-06-10","2024-06-10T17:42:00-07:00","2024-06-10T18:18:00-07:00","stairExercise",249.912,29.717051413365596,"moderate","","confirmed","04bb47e7-87ae-46cc-97d0-5c71b0bd4f4a"
"2024-06-11","2024-06-11T17:31:00-07:00","2024-06-11T17:42:00-07:00","running","","","moderate","","confirmed","c7716ef2-ecde-4931-950c-b1c076f71512"
"2024-06-11","2024-06-11T17:54:00-07:00","2024-06-11T18:06:00-07:00","running","",16.52754400125372,"moderate","","confirmed","7b011356-65b6-4b15-ac84-8f05e738bb91"
"2024-06-11","2024-06-11T18:17:20-07:00","2024-06-11T18:39:20-07:00","strengthTraining",93.98400000000001,4969.2660324325225,"hard","","manual","5250246b-26e9-4e16-b2a8-7448bc7aee80"
"2024-06-18","2024-06-18T17:53:00-07:00","2024-06-18T18:20:00-07:00","walking",72.09,62.171376229418954,"moderate","","confirmed","27e978de-b947-4a13-85bc-3c26130d2a18"
"2024-06-18","2024-06-18T18:20:40-07:00","2024-06-18T18:42:40-07:00","strengthTraining",83.534,22.215465842775693,"moderate","","manual","f3792100-0a38-4f2e-9ca4-dbdc4de31464"
"2024-06-19","2024-06-19T18:27:00-07:00","2024-06-19T18:54:00-07:00","running","",4983.88153468231,"moderate","","confirmed","1fe78a85-85eb-4b3a-9df6-d69d788044a1"
"2024-06-22","2024-06-22T08:58:00-07:00","2024-06-22T09:15:00-07:00","running","",2.671912494138874,"moderate","","confirmed","22a5dec1-1734-49a1-8940-dd70773d21f7"
"2024-06-22","2024-06-22T09:19:00-07:00","2024-06-22T09:52:00-07:00","running","",76.8001018003104,"moderate","","confirmed","ee124599-7403-4f5d-9b87-e07ac56e7e71"
"2024-06-22","2024-06-22T13:02:10-07:00","2024-06-22T13:39:10-07:00","running",291.967,45.75297415856042,"moderate","","manual","05dbbc4e-73cb-426b-8133-5dc49cfc59b0"
"2024-06-26","2024-06-26T18:03:00-07:00","2024-06-26T18:55:00-07:00","walking","",3678.1716834674144,"moderate","","confirmed","74425f3a-9c28-479e-82e3-5ba54c1a08db"
"2024-06-27","2024-06-27T17:06:00-07:00","2024-06-27T17:26:00-07:00","stairExercise",138.84,43.924597290755685,"moderate","","confirmed","7b65ea70-b67b-4250-8613-f2b18ef9aff9"
"2024-06-28","2024-06-28T08:33:00-07:00","2024-06-28T08:46:00-07:00","walking",34.71,307.53224244817557,"moderate","","confirmed","9f2e8129-4bf3-4522-aa3e-bca3e7ee5700"
"2024-06-28","2024-06-28T10:20:00-07:00","2024-06-28T11:00:00-07:00","walking",106.8,946.1662659088641,"moderate","","confirmed","18617c33-0f6b-411b-8fd5-60753071553e"
"2024-06-28","2024-06-28T16:05:00-07:00","2024-06-28T16:18:00-07:00","walking",34.71,719.5965740372479,"moderate","","confirmed","f3e26208-f83a-4736-9184-712ddd2b3c3a"
"2024-06-29","2024-06-29T11:30:00-07:00","2024-06-29T11:55:00-07:00","stairExercise",173.55,114.75057363145977,"moderate","","confirmed","8a7efce6-3275-4b70-8acf-239e4307d15e"
"2024-06-29","2024-06-29T17:43:00-07:00","2024-06-29T18:07:00-07:00","pickleball",59.08800000000001,"","moderate","","confirmed","45dfe886-84b5-488b-887c-5c4c8ff81721"
"2024-07-07","2024-07-07T16:07:00-07:00","2024-07-07T16:49:00-07:00","pickleball","","","moderate","","confirmed","f561d739-e020-424e-a2d6-f728b2b9f527"
"2024-07-07","2024-07-07T17:25:00-07:00","2024-07-07T18:00:00-07:00","walking","",518.9698680816921,"moderate","","confirmed","5b06a627-9b45-48da-9e2f-f3c6cf945fba"
"2024-07-09","2024-07-09T19:30:00-07:00","2024-07-09T20:01:00-07:00","stairExercise",215.202,"","moderate","","confirmed","61b096c4-3bde-47e1-9144-68feab97ae00"
"2024-07-14","2024-07-14T09:01:00-07:00","2024-07-14T09:18:00-07:00","pickleball",41.854000000000006,60.97021320470793,"moderate","","confirmed","6c8c369e-650b-4824-812f-c9624f2613c8"
"2024-07-16","2024-07-16T11:51:00-07:00","2024-07-16T12:19:00-07:00","walking","",1707.5298538608313,"moderate","","confirmed","1843176d-3b56-4c93-8853-04c436f3e5ae"
"2024-07-16","2024-07-16T18:08:03-07:00","2024-07-16T18:30:03-07:00","stairExercise",152.724,18731.715113752172,"moderate","","manual","52bcb87a-ab07-4eb3-80ee-83cd60f587fd"
"2024-07-17","2024-07-17T13:26:00-07:00","2024-07-17T13:51:00-07:00","walking","",1669.9185889305677,"moderate","","confirmed","3db4f96a-46f0-4e95-87a5-748f1501030c"
"2024-07-17","2024-07-17T18:45:00-07:00","2024-07-17T19:47:00-07:00","stairExercise",430.404,597.7508499527385,"moderate","","confirmed","05a73b15-dcac-481a-a9fa-bea101401e8d"
"2024-07-18","2024-07-18T08:22:00-07:00","2024-07-18T08:36:00-07:00","walking","",884.4801157565452,"moderate","","confirmed","bb3827b2-9851-46c7-b1a1-019e6e9fd59d"
"2024-07-18","2024-07-18T10:02:00-07:00","2024-07-18T10:30:00-07:00","stairExercise","",97.76155502421477,"moderate","","confirmed","7970fed0-2e90-4b78-9152-6f373134ee86"
"2024-07-18","2024-07-18T19:51:00-07:00","2024-07-18T20:01:00-07:00","stairExercise","","","moderate","","confirmed","4fef624f-441a-48ee-8b79-9d7ec56ffbc0"
"2024-07-19","2024-07-19T15:42:00-07:00","2024-07-19T16:30:00-07:00","stairExercise","",100.04019145014716,"moderate","","confirmed","5973cbda-c9dd-47bd-ac14-3ca8e013b809"
"2024-07-20","2024-07-20T12:36:00-07:00","2024-07-20T12:52:00-07:00","walking","",1008.2073976501724,"moderate","","confirmed","cf072247-ea4b-44e8-bad8-637eb66bd4be"
"2024-07-21","2024-07-21T12:14:00-07:00","2024-07-21T12:35:00-07:00","walking","",1186.1412716361344,"moderate","","confirmed","99e336c9-e006-47f2-a6b5-8940af2be90d"
"2024-07-21","2024-07-21T15:55:00-07:00","2024-07-21T16:09:00-07:00","pickleball","",30.822512471968583,"moderate","","confirmed","77ad33a0-80b8-4b98-b244-9ce61cbcd789"
"2024-07-21","2024-07-21T18:26:00-07:00","2024-07-21T18:37:00-07:00","stairExercise","","","moderate","","confirmed","f40828f6-fe8b-4898-89d4-48c4ab98a68c"
"2024-07-22","2024-07-22T15:10:00-07:00","2024-07-22T15:30:00-07:00","walking",53.4,1174.973264651776,"moderate","","confirmed","d6d3b51f-933a-4bf5-9a56-2ec59f05f998"
"2024-07-22","2024-07-22T18:08:00-07:00","2024-07-22T18:28:00-07:00","other",94.94,"","moderate","","confirmed","49b821ca-2724-4e31-8000-8510ca3ab77a"
"2024-07-24","2024-07-24T17:21:00-07:00","2024-07-24T18:19:00-07:00","walking",154.85999999999999,4246.570151211157,"moderate","","confirmed","d1c3b5db-f9dc-4c76-af89-e18df4e95f69"
"2024-07-27","2024-07-27T13:52:56-07:00","2024-07-27T14:37:56-07:00","stairExercise",312.39,"","moderate","","manual","53aca0a2-11c3-4b4e-a20f-958fb8787701"
"2024-07-27","2024-07-27T19:10:00-07:00","2024-07-27T19:23:00-07:00","stairExercise",90.24600000000001,760.2293110216328,"moderate","","confirmed","5a91a3f9-191b-466e-a419-e4bcbb871f0a"
"2024-07-29","2024-07-29T19:06:00-07:00","2024-07-29T19:27:00-07:00","stairExercise","",1012.1423023121932,"moderate","","confirmed","e7134bbc-7b7e-47fb-acf6-21aff354047b"
"2024-07-30","2024-07-30T11:54:00-07:00","2024-07-30T12:08:00-07:00","stairExercise","","","moderate","","confirmed","eb339029-9d29-414e-9f71-f73d828aea2a"
"2024-07-30","2024-07-30T20:59:41-07:00","2024-07-30T21:14:41-07:00","swimming",97.005,"","moderate","","manual","ecb6a64b-094a-4e0b-b990-389b926a9455"
"2024-07-31","2024-07-31T10:28:00-07:00","2024-07-31T10:43:00-07:00","walking","",866.6579678459697,"moderate","","confirmed","f1805ef2-4433-49ec-8333-c88d4ca63544"
"2024-07-31","2024-07-31T18:33:00-07:00","2024-07-31T19:06:00-07:00","running","",4931.616946467876,"moderate","","confirmed","2ee9736a-b211-4f48-a6f4-537b44e2d756"
"2024-08-01","2024-08-01T17:25:00-07:00","2024-08-01T17:58:00-07:00","stairExercise","",47.22468336622838,"moderate","","confirmed","eb36aa3a-f4b1-4a25-bd0b-42b8d4ae8924"
"2024-08-01","2024-08-01T19:35:00-07:00","2024-08-01T19:59:00-07:00","stairExercise","",35.31125016835221,"moderate","","confirmed","22770ecf-ca7a-4f25-8e24-e1ddeac8ebca"
"2024-08-02","2024-08-02T20:21:00-07:00","2024-08-02T20:31:00-07:00","walking",26.7,631.4515264195585,"moderate","","confirmed","112eb66f-a51a-44ca-b0b8-ff749ba37b57"
"2024-08-03","2024-08-03T09:29:00-07:00","2024-08-03T09:40:00-07:00","stairExercise","","","moderate","","confirmed","9b181424-9d9a-4acc-82dc-c845d4042b5f"
"2024-08-03","2024-08-03T11:58:00-07:00","2024-08-03T12:12:00-07:00","walking","","","moderate","","confirmed","8b8f6c85-33d8-4e13-93a9-0532e2542619"
"2024-08-03","2024-08-03T12:34:00-07:00","2024-08-03T12:50:00-07:00","walking",42.72,"","moderate","","confirmed","816c7f85-a127-454a-837d-45b9bcc32ff2"
"2024-08-03","2024-08-03T16:05:00-07:00","2024-08-03T16:27:00-07:00","walking","",55.60715537550976,"moderate","","confirmed","7d707ef8-fb01-4cba-a382-3b68a2bf16f6"
"2024-08-03","2024-08-03T17:38:00-07:00","2024-08-03T17:58:00-07:00","other",94.94,8.553746572404762,"moderate","","confirmed","5a3d7dc5-4286-4632-9ec2-fe4035c00049"
"2024-08-04","2024-08-04T15:16:00-07:00","2024-08-04T15:40:00-07:00","walking","",571.7430051230558,"moderate","","confirmed","968b4fe3-2fd2-48fd-961a-de7c8e3cba85"
"2024-08-10","2024-08-10T13:49:00-07:00","2024-08-10T14:37:00-07:00","running","","","moderate","","confirmed","b8890143-46bf-4968-9ae1-46bdfcddd141"
"2024-08-10","2024-08-10T14:37:00-07:00","2024-08-10T15:22:00-07:00","stairExercise",309.42,"","moderate","","confirmed","dc52276a-7030-4c40-8ce9-e4c738d654de"
"2024-08-12","2024-08-12T12:16:00-07:00","2024-08-12T12:40:00-07:00","stairExercise","","","moderate","","confirmed","cc3c230c-534a-433c-9879-ea4394e856c5"
"2024-08-14","2024-08-14T12:47:00-07:00","2024-08-14T12:57:00-07:00","stairExercise","","","moderate","","confirmed","95b6cc25-5d3b-4eee-8ef4-6b772d6e271a"
"2024-08-16","2024-08-16T20:31:00-07:00","2024-08-16T20:52:00-07:00","stairExercise",144.39600000000002,"","moderate","","confirmed","66717415-7583-41a3-bf91-7da1728b2dfc"
"2024-08-17","2024-08-17T10:11:00-07:00","2024-08-17T10:48:00-07:00","walking","",1045.7635164437427,"moderate","","confirmed","b36406e7-0089-4b55-9c1c-a583577ed901"
"2024-08-17","2024-08-17T10:17:00-07:00","2024-08-17T10:36:00-07:00","stairExercise","",24.93798578128043,"moderate","","confirmed","753a9495-b98e-4346-8a3d-00c9f2b7a749"
"2024-08-18","2024-08-18T11:48:00-07:00","2024-08-18T12:00:00-07:00","pickleball","",406.0530693967471,"moderate","","confirmed","23a712fe-f974-44a1-98ad-732bd6884767"
"2024-08-20","2024-08-20T12:12:00-07:00","2024-08-20T12:41:00-07:00","stairExercise","",109.61764052540418,"moderate","","confirmed","033c6923-525d-41dc-99f2-105370075498"
"2024-08-21","2024-08-21T09:39:00-07:00","2024-08-21T09:59:00-07:00","stairExercise","",26.868015918358292,"moderate","","confirmed","9ab19b0f-b676-48e8-89e5-d88d24426765"
"2024-08-21","2024-08-21T15:11:32-07:00","2024-08-21T15:41:32-07:00","swimming",192.17999999999998,"","moderate","","manual","8643f9fb-3eba-4908-af9a-038481af0c9a"
"2024-08-22","2024-08-22T12:44:00-07:00","2024-08-22T13:05:00-07:00","stairExercise","",45.01069216145656,"moderate","","confirmed","5fcda3ce-a6e7-4f4c-a882-51ded207e31b"
"2024-08-23","2024-08-23T18:58:00-07:00","2024-08-23T19:24:00-07:00","walking",68.77,"","moderate","","confirmed","c47ec864-381e-4dec-9418-ffc3b036f244"
"2024-08-24","2024-08-24T10:28:00-07:00","2024-08-24T10:47:00-07:00","walking","",1136.0448546765642,"moderate","","confirmed","57aff065-03d2-41cb-a28a-a4fbadb7a068"
"2024-08-24","2024-08-24T11:17:00-07:00","2024-08-24T11:35:00-07:00","walking",47.61,980.9901225072584,"moderate","","confirmed","73869987-a2be-487c-b092-0a139eb9578a"
"2024-08-24","2024-08-24T14:55:00-07:00","2024-08-24T15:54:00-07:00","strengthTraining",221.899,91.16523048120501,"moderate","","confirmed","756411ec-f25d-4195-acf0-ccb6e318951f"
"2024-08-24","2024-08-24T17:20:00-07:00","2024-08-24T17:54:00-07:00","strengthTraining",127.87400000000001,766.9682277772336,"moderate","","confirmed","e3571ff2-2a0c-4979-8635-72ca0dbba167"
"2024-08-25","2024-08-25T10:22:00-07:00","2024-08-25T10:33:00-07:00","stairExercise","","","moderate","","confirmed","7a6d4327-71cf-4a45-8bb6-3f9daf7e30f6"
"2024-08-25","2024-08-25T11:36:00-07:00","2024-08-25T12:20:00-07:00","stairExercise","","","moderate","","confirmed","f3e459c3-53b9-47aa-9f75-0a3e10de2efb"
"2024-08-25","2024-08-25T14:33:00-07:00","2024-08-25T15:01:00-07:00","stairExercise","","","moderate","","confirmed","b6595395-4351-4eee-b84c-64c9cd9b78a2"
"2024-08-25","2024-08-25T16:02:00-07:00","2024-08-25T16:14:00-07:00","walking","","","moderate","","confirmed","0f9e7e61-d47b-449d-ad96-d91c2d491452"
"2024-08-25","2024-08-25T18:34:00-07:00","2024-08-25T19:17:00-07:00","stairExercise","","","moderate","","confirmed","fb5b5a93-681e-44e9-abf9-e508e0078f4b"
"2024-08-26","2024-08-26T08:19:00-07:00","2024-08-26T08:44:00-07:00","stairExercise","",212.81193351038613,"moderate","","confirmed","37191dee-b912-4e53-99a0-bc3c088baead"
"2024-08-26","2024-08-26T09:29:00-07:00","2024-08-26T09:51:00-07:00","walking","",1716.2587559039744,"moderate","","confirmed","3aa23745-8e00-498c-97fa-6595548169a0"
"2024-08-26","2024-08-26T11:43:00-07:00","2024-08-26T12:08:00-07:00","walking","",1666.2675907590854,"moderate","","confirmed","986732c6-ab2e-486b-a99d-ffd5cc1ed449"
"2024-08-26","2024-08-26T12:38:00-07:00","2024-08-26T12:56:00-07:00","walking","",1388.170177295014,"moderate","","confirmed","47de6348-d9cf-4571-80a8-45b03949f8d9"
"2024-08-26","2024-08-26T15:10:00-07:00","2024-08-26T15:27:00-07:00","walking","",618.7375962904739,"moderate","","confirmed","1e51b2b9-a6e8-4dd7-aadf-57397c48b969"
"2024-08-27","2024-08-27T09:39:00-07:00","2024-08-27T09:54:00-07:00","cycling",84.63000000000001,1666.9456570405239,"moderate","","confirmed","199c8c8d-2e65-4c3e-b4f3-626638ee7d82"
"2024-08-27","2024-08-27T11:52:00-07:00","2024-08-27T12:08:00-07:00","stairExercise","",1668.3431267390088,"moderate","","confirmed","8cd84bb9-cadb-43f9-84e7-7b8160e5cbfe"
"2024-08-27","2024-08-27T13:50:00-07:00","2024-08-27T14:10:00-07:00","cycling",112.84,1268.1955609132328,"moderate","","confirmed","2ab0e3b2-d0f0-458b-a4dd-2a79a04dd18c"
"2024-08-27","2024-08-27T14:47:00-07:00","2024-08-27T15:04:00-07:00","cycling",95.914,1280.204161705741,"moderate","","confirmed","9d988963-f122-4e85-9970-55fc9bc4e1d1"
"2024-08-27","2024-08-27T17:42:00-07:00","2024-08-27T18:14:00-07:00","walking","",1886.3177258227715,"moderate","","confirmed","4f6c61dc-63bc-485f-833e-411005996690"
"2024-08-27","2024-08-27T19:44:00-07:00","2024-08-27T20:07:00-07:00","walking","",1554.1997770949042,"moderate","","confirmed","d7314f35-fc3b-45e8-a9e1-635043e2c981"
"2024-08-28","2024-08-28T09:36:00-07:00","2024-08-28T09:58:00-07:00","walking","",1744.9968678665107,"moderate","","confirmed","649c4603-0277-404a-ba85-630205496237"
"2024-08-30","2024-08-30T19:20:00-07:00","2024-08-30T19:31:00-07:00","walking","",624.2312409194705,"moderate","","confirmed","525d83f3-49f6-4945-a414-2e61550cf588"
"2024-08-30","2024-08-30T21:51:00-07:00","2024-08-30T22:04:00-07:00","walking",34.385,"","moderate","","confirmed","d8e77bc9-ca5e-423f-9ce5-5e01bd636211"
"2024-09-03","2024-09-03T09:40:00-07:00","2024-09-03T09:50:00-07:00","cycling","",1324.7612914212773,"moderate","","confirmed","943b0f55-a361-42b5-bc4c-cc20063e36bb"
"2024-09-03","2024-09-03T12:07:00-07:00","2024-09-03T12:20:00-07:00","cycling","",1642.8910374882155,"moderate","","confirmed","49e0586e-e3f7-4146-a895-8cfa80a9f5b7"
"2024-09-03","2024-09-03T19:48:00-07:00","2024-09-03T19:59:00-07:00","cycling","",1653.9265644501443,"moderate","","confirmed","879fc9ef-a698-4d6d-a5d6-d0604c90b04e"
"2024-09-07","2024-09-07T19:34:00-07:00","2024-09-07T20:04:00-07:00","stairExercise",206.28,"","moderate","","confirmed","586697ee-8aa1-4be3-98df-364e5a4d7ae2"
"2024-09-07","2024-09-07T21:46:00-07:00","2024-09-07T22:04:00-07:00","dance","","","moderate","","confirmed","01dbb543-5712-4b6f-a777-4cef25e384ca"
"2024-09-07","2024-09-07T22:58:00-07:00","2024-09-07T23:09:00-07:00","stairExercise","","","moderate","","confirmed","d2d11a1d-4ec3-4971-8b0d-f4e6c001f66f"
"2024-09-09","2024-09-09T09:50:00-07:00","2024-09-09T10:02:00-07:00","cycling",67.70400000000001,1570.8926857766812,"moderate","","confirmed","2329ca80-07da-47f5-92a2-4860a1bc048b"
"2024-09-09","2024-09-09T11:49:00-07:00","2024-09-09T12:17:00-07:00","stairExercise","",1707.9414178899253,"moderate","","confirmed","a47f0cd0-2dc1-4f05-bc68-858fff23078b"
"2024-09-09","2024-09-09T15:15:00-07:00","2024-09-09T15:31:00-07:00","cycling","","","moderate","","confirmed","729e0bdf-1e10-4ed1-9ad2-489d726d51af"
"2024-09-09","2024-09-09T16:29:00-07:00","2024-09-09T16:41:00-07:00","stairExercise","","","moderate","","confirmed","84f5b375-984d-4a5e-be99-316bde1283e4"
"2024-09-09","2024-09-09T21:50:00-07:00","2024-09-09T22:05:00-07:00","stairExercise","","","moderate","","confirmed","6a60d355-a062-4249-abbf-2afb04e3c425"
"2024-09-10","2024-09-10T09:37:00-07:00","2024-09-10T09:55:00-07:00","cycling","",1609.8929176696631,"moderate","","confirmed","9afb233f-9e3a-4121-8088-9bd8a4290ef7"
"2024-09-10","2024-09-10T11:00:00-07:00","2024-09-10T11:18:00-07:00","stairExercise","","","moderate","","confirmed","d9121237-74d1-4aaf-a88c-2f056eddbb99"
"2024-09-10","2024-09-10T15:53:00-07:00","2024-09-10T16:09:00-07:00","cycling","","","moderate","","confirmed","04349653-ca03-440a-a427-f83433934ecc"
"2024-09-10","2024-09-10T17:40:00-07:00","2024-09-10T17:54:00-07:00","cycling",78.988,"","moderate","","confirmed","b421a0b5-b860-43fb-a4f8-5086b098f394"
"2024-09-11","2024-09-11T10:52:00-07:00","2024-09-11T11:02:00-07:00","stairExercise","",13.688585660149649,"moderate","","confirmed","abcc84fe-d02c-4e14-a9ad-d66e72587a90"
"2024-09-11","2024-09-11T15:19:00-07:00","2024-09-11T15:30:00-07:00","cycling","",1269.967659784733,"moderate","","confirmed","d0b8707f-b315-4b30-b2ac-e8912e73b7eb"
"2024-09-11","2024-09-11T16:45:00-07:00","2024-09-11T16:56:00-07:00","cycling","",1330.1368693421905,"moderate","","confirmed","05598cbe-d69c-42fe-987c-49f4ca2905e1"
"2024-09-11","2024-09-11T18:29:00-07:00","2024-09-11T18:45:00-07:00","cycling","",1534.7276349803378,"moderate","","confirmed","be8cbed7-1d3d-4a13-a35d-06baf07ad696"
"2024-09-16","2024-09-16T15:19:00-07:00","2024-09-16T15:32:00-07:00","cycling","",1348.2135584509276,"moderate","","confirmed","2bdcd7df-6cc9-4e9d-b580-8d4a092f0a66"
"2024-09-17","2024-09-17T07:00:34-07:00","2024-09-17T08:00:34-07:00","pilates",84.6,375.61002887286793,"moderate","","manual","ebc743e8-4415-4381-a7ba-5af77a24bc11"
"2024-09-17","2024-09-17T09:07:00-07:00","2024-09-17T09:58:00-07:00","cycling","",3031.928647374937,"moderate","","confirmed","ef4f0b57-e07e-4a4b-8902-2df4d48d356d"
"2024-09-17","2024-09-17T11:43:00-07:00","2024-09-17T12:03:00-07:00","cycling","",1689.5220415410818,"moderate","","confirmed","8f94d6ca-190a-423a-99f8-9d6bd13473e6"
"2024-09-17","2024-09-17T15:56:00-07:00","2024-09-17T16:07:00-07:00","cycling","","","moderate","","confirmed","b42ae264-34f0-48d6-aaba-9ef2e214b979"
"2024-09-17","2024-09-17T17:16:00-07:00","2024-09-17T17:28:00-07:00","cycling","","","moderate","","confirmed","ef700380-a79f-4208-929e-1e8eff303ab0"
"2024-09-17","2024-09-17T17:51:00-07:00","2024-09-17T18:03:00-07:00","stairExercise","","","moderate","","confirmed","96873a07-dcda-4b30-8d13-c22769c830de"
"2024-09-17","2024-09-17T19:47:00-07:00","2024-09-17T19:58:00-07:00","cycling","","","moderate","","confirmed","0550ed4d-3f44-4abd-8061-07b874e15b44"
"2024-09-18","2024-09-18T11:32:00-07:00","2024-09-18T11:44:00-07:00","stairExercise","",286.22840808810963,"moderate","","confirmed","ac5aa8f2-2e75-417d-8f7a-d986c3073162"
"2024-09-18","2024-09-18T16:45:00-07:00","2024-09-18T16:59:00-07:00","cycling","",1352.7749627369858,"moderate","","confirmed","9d2ee61b-80dd-4f81-aa69-f1fde2f4e97c"
"2024-09-18","2024-09-18T17:22:00-07:00","2024-09-18T17:40:00-07:00","cycling","",1350.6291951670637,"moderate","","confirmed","53c27634-550f-4eb0-a255-ef160f4a8b57"
"2024-09-18","2024-09-18T20:13:00-07:00","2024-09-18T20:24:00-07:00","cycling","","","moderate","","confirmed","7941d685-7fda-4e04-9788-fb8983200fbe"
"2024-09-20","2024-09-20T11:45:00-04:00","2024-09-20T12:14:00-04:00","walking",76.705,753.4556166978861,"moderate","","confirmed","eab42007-4355-4bf6-a526-bad2e079a039"
"2024-09-20","2024-09-20T14:22:00-04:00","2024-09-20T14:44:00-04:00","walking","",1460.8080682233915,"moderate","","confirmed","4ba454c4-7430-419c-966c-effcd2656de4"
"2024-09-20","2024-09-20T20:04:00-04:00","2024-09-20T20:27:00-04:00","walking","","","moderate","","confirmed","163a9958-49e3-40ed-bb21-1515da329639"
"2024-09-20","2024-09-20T22:10:00-04:00","2024-09-20T22:23:00-04:00","walking","","","moderate","","confirmed","ac62d3bd-839d-4793-a7b2-3ff9dab14945"
"2024-09-21","2024-09-21T14:43:00-04:00","2024-09-21T14:55:00-04:00","dance",37.38,"","moderate","","confirmed","6eecd0f4-e6b6-4d52-a228-12cf12e4807e"
"2024-09-21","2024-09-21T16:02:00-04:00","2024-09-21T16:32:00-04:00","stairExercise","","","moderate","","confirmed","edb53d4b-ac71-4785-a7e7-9a8e420062aa"
"2024-09-21","2024-09-21T20:05:00-04:00","2024-09-21T20:15:00-04:00","walking",26.45,"","moderate","","confirmed","f3a4abd9-0ab9-4418-a54f-3390f6fc5164"
"2024-09-21","2024-09-22T00:00:00-04:00","2024-09-22T00:12:00-04:00","stairExercise",82.512,"","moderate","","confirmed","b0205ffc-f1fa-4db7-b146-7af143979b84"
"2024-09-22","2024-09-22T15:14:00-04:00","2024-09-22T16:05:00-04:00","walking",134.895,"","moderate","","confirmed","59437f72-5756-48d8-aa0c-5b776984eee1"
"2024-09-23","2024-09-23T12:03:00-07:00","2024-09-23T12:33:00-07:00","walking",79.35,1519.127223405391,"moderate","","confirmed","2e092f81-ba2c-4439-81cc-43e5ff635e65"
"2024-09-23","2024-09-23T12:51:00-07:00","2024-09-23T13:03:00-07:00","cycling","",1441.5724993359422,"moderate","","confirmed","6715fcc0-2c83-4383-b352-5c804d3c5133"
"2024-09-23","2024-09-23T14:09:00-07:00","2024-09-23T14:21:00-07:00","walking","",559.1239694797471,"moderate","","confirmed","75a6f00f-f98f-4cb6-ba74-88cb36c9d718"
"2024-09-23","2024-09-23T15:30:00-07:00","2024-09-23T15:40:00-07:00","walking","",783.8427931911649,"moderate","","confirmed","d4fc5e97-0136-4157-b6ed-3a12718a154f"
"2024-09-23","2024-09-23T16:22:00-07:00","2024-09-23T16:46:00-07:00","walking","",10.248941106829282,"moderate","","confirmed","dfbcbd91-afa8-4dfa-9644-ac0c91cbcb24"
"2024-09-23","2024-09-23T20:43:00-07:00","2024-09-23T20:54:00-07:00","stairExercise","","","moderate","","confirmed","0da92faa-d181-49bb-8249-eade0860a1b3"
"2024-09-24","2024-09-24T15:54:00-07:00","2024-09-24T16:12:00-07:00","cycling","",1609.0492498603783,"moderate","","confirmed","41ca415e-9f9f-428c-b5a1-0ed114d6618e"
"2024-09-24","2024-09-24T17:15:00-07:00","2024-09-24T17:25:00-07:00","cycling","",1432.5613640768393,"moderate","","confirmed","80c888c3-d15b-417d-b9e0-d0aa2885b1b0"
"2024-09-26","2024-09-26T09:52:00-07:00","2024-09-26T10:15:00-07:00","cycling","","","moderate","","confirmed","28710f03-fae8-4083-812e-7ded46fb9132"
"2024-09-26","2024-09-26T11:35:00-07:00","2024-09-26T11:52:00-07:00","stairExercise","","","moderate","","confirmed","e73096b6-dd34-4616-abdd-d2196bdf0e3b"
"2024-09-26","2024-09-26T18:04:00-07:00","2024-09-26T18:15:00-07:00","stairExercise","","","moderate","","confirmed","3cbd71f0-0de6-4488-b095-638af030a94f"
"2024-09-26","2024-09-26T20:44:00-07:00","2024-09-26T20:54:00-07:00","cycling","","","moderate","","confirmed","fc8f2cd5-c282-4b70-a9d6-cb24e80a2631"
"2024-09-27","2024-09-27T10:09:00-07:00","2024-09-27T10:19:00-07:00","walking",26.45,"","moderate","","confirmed","1df2bd14-4394-46ba-8fd1-9cf0a9de85f4"
"2024-09-28","2024-09-28T12:37:00-07:00","2024-09-28T13:07:00-07:00","stairExercise","","","moderate","","confirmed","531ff13f-31ec-453d-8d22-1facb9d44f6b"
"2024-09-28","2024-09-28T16:54:00-07:00","2024-09-28T17:27:00-07:00","walking","","","moderate","","confirmed","70eeedb1-6343-453e-a249-cec9f7823db4"
"2024-09-28","2024-09-28T23:12:00-07:00","2024-09-28T23:35:00-07:00","dance",71.64500000000001,"","moderate","","confirmed","ab780277-258b-4f8d-9303-63b3c4c2ee10"
"2024-09-30","2024-09-30T16:36:00-07:00","2024-09-30T16:52:00-07:00","cycling","",1348.8405598536992,"moderate","","confirmed","05e7a021-67a2-425d-88f7-6243da767250"
"2024-09-30","2024-09-30T19:38:00-07:00","2024-09-30T19:58:00-07:00","walking","",936.548883771124,"moderate","","confirmed","a45d93dd-797b-4cd1-acd5-f718858c8f3b"
"2024-09-30","2024-09-30T20:50:00-07:00","2024-09-30T21:01:00-07:00","walking","",734.8185472270462,"moderate","","confirmed","0141c8b1-72bd-4ab3-bc60-82e2359634dd"
"2024-10-01","2024-10-01T08:15:00-07:00","2024-10-01T08:35:00-07:00","stairExercise","",105.14977303481596,"moderate","","confirmed","2fbc8cfb-e070-44dd-a8ff-47219f76f8ae"
"2024-10-01","2024-10-01T09:16:00-07:00","2024-10-01T09:43:00-07:00","cycling","",1609.7700950377048,"moderate","","confirmed","124830a7-1264-4412-83a4-cc7a99fe922c"
"2024-10-01","2024-10-01T11:58:00-07:00","2024-10-01T12:12:00-07:00","stairExercise","",1626.0715201195521,"moderate","","confirmed","3269f712-e7c5-4092-99b7-6ecca4c1a1b0"
"2024-10-01","2024-10-01T15:54:00-07:00","2024-10-01T16:06:00-07:00","cycling","",1485.2264555186794,"moderate","","confirmed","48ae1232-0bca-4ff3-a828-ffca6c5a8b04"
"2024-10-01","2024-10-01T16:43:00-07:00","2024-10-01T16:55:00-07:00","cycling","",1508.875120287966,"moderate","","confirmed","71369e39-7204-4171-8006-e713f8f91c30"
"2024-10-02","2024-10-02T11:55:00-07:00","2024-10-02T12:14:00-07:00","stairExercise",130.644,596.5977297169868,"moderate","","confirmed","62844baa-1074-4228-8492-48e15035c331"
"2024-10-02","2024-10-02T16:41:00-07:00","2024-10-02T16:58:00-07:00","cycling",95.914,1675.1516217039652,"moderate","","confirmed","ca708d0b-d4f6-4ec6-a9c9-63073d5e7e39"
"2024-10-02","2024-10-02T16:41:00-07:00","2024-10-02T16:58:00-07:00","cycling","",1675.151796744055,"moderate","","confirmed","af0f4f3f-b2ee-4dfe-ab44-6bfa4f877959"
"2024-10-02","2024-10-02T17:19:00-07:00","2024-10-02T17:29:00-07:00","walking","",612.0495936964853,"moderate","","confirmed","208d71e2-0961-46cd-8a83-ba35a7be7a3e"
"2024-10-03","2024-10-03T09:44:00-07:00","2024-10-03T10:01:00-07:00","cycling","",1694.6936260944062,"moderate","","confirmed","76ed6ee2-82eb-4583-a031-dfba81d0f0b7"
"2024-10-03","2024-10-03T11:23:00-07:00","2024-10-03T11:41:00-07:00","walking","",1099.7015750771582,"moderate","","confirmed","1afdf8a7-1178-4877-aa33-be7130820030"
"2024-10-03","2024-10-03T12:15:00-07:00","2024-10-03T12:28:00-07:00","stairExercise","",1632.4893704798035,"moderate","","confirmed","b96206e7-c71e-443a-b5c4-2ce4f8860db5"
"2024-10-03","2024-10-03T21:32:00-07:00","2024-10-03T21:42:00-07:00","stairExercise","","","moderate","","confirmed","452cdd3c-9806-4ea0-870a-37bfbd0bab1f"
"2024-10-03","2024-10-03T23:48:00-07:00","2024-10-04T00:08:00-07:00","dance","","","moderate","","confirmed","114a4222-8dce-46ee-a5ea-30fda450b689"
"2024-10-04","2024-10-04T10:50:00-07:00","2024-10-04T11:09:00-07:00","stairExercise","","","moderate","","confirmed","b9245732-3a5f-4c1c-a973-7f7399aa6ab0"
"2024-10-04","2024-10-04T12:05:00-07:00","2024-10-04T12:22:00-07:00","stairExercise","","","moderate","","confirmed","d8fc4f6f-6397-46a7-8acd-b2caf6ed3a4e"
"2024-10-07","2024-10-07T16:40:00-07:00","2024-10-07T17:14:00-07:00","walking",89.93,"","moderate","","confirmed","dc46c6ce-4e55-4445-bae5-b3f2e861efb3"
"2024-10-07","2024-10-07T17:46:00-07:00","2024-10-07T17:57:00-07:00","walking","","","moderate","","confirmed","b88179ee-abcd-4c5e-a425-60e0dc60cf1d"
"2024-10-08","2024-10-08T09:54:00-07:00","2024-10-08T10:18:00-07:00","cycling","",1670.3260530981952,"moderate","","confirmed","ed9ee649-fad9-461d-95ce-b612a420376e"
"2024-10-08","2024-10-08T13:04:00-07:00","2024-10-08T13:24:00-07:00","walking",52.9,1666.2866697301895,"moderate","","confirmed","51d61b42-456d-4568-9f08-0dcc33d3603a"
"2024-10-09","2024-10-09T09:48:00-07:00","2024-10-09T10:24:00-07:00","stairExercise",247.536,"","moderate","","confirmed","93931cbd-3fee-4131-94ee-236425898167"
"2024-10-09","2024-10-09T13:51:00-07:00","2024-10-09T14:09:00-07:00","cycling","","","moderate","","confirmed","93082761-5460-4ee7-8353-daac12231a34"
"2024-10-09","2024-10-09T16:02:00-07:00","2024-10-09T16:13:00-07:00","cycling","",1295.4851496192964,"moderate","","confirmed","20c4f772-a44b-4e06-9917-c3e519545d15"
"2024-10-11","2024-10-11T12:08:00-07:00","2024-10-11T12:34:00-07:00","stairExercise",178.776,"","moderate","","confirmed","eb6dd19f-a1ff-4d3b-b94d-463c67752fd7"
"2024-10-11","2024-10-11T12:08:00-07:00","2024-10-11T12:34:00-07:00","stairExercise",178.776,"","moderate","","confirmed","6d3ef26d-e8f0-416a-bd27-0c286803ee19"
"2024-10-11","2024-10-11T13:02:00-07:00","2024-10-11T13:13:00-07:00","stairExercise","","","moderate","","confirmed","448b1de8-45c5-46b9-a33b-1d4030f93e64"
"2024-10-11","2024-10-11T16:29:00-07:00","2024-10-11T16:52:00-07:00","swimming",147.338,"","moderate","","confirmed","52b258e3-60af-412e-a67d-83ea83021ca8"
"2024-10-12","2024-10-12T13:20:00-07:00","2024-10-12T14:00:00-07:00","swimming",256.24,"","moderate","","confirmed","5abc5d89-06ff-44f1-b8fd-ceed7c447b71"
"2024-10-13","2024-10-13T09:35:00-07:00","2024-10-13T10:00:00-07:00","swimming",160.15,"","moderate","","confirmed","48a60c86-882d-4bb4-9408-14157f06c3aa"
"2024-10-13","2024-10-13T18:22:00-07:00","2024-10-13T18:45:00-07:00","walking","","","moderate","","confirmed","f704789e-2ea2-46e8-8f00-8cf2c1764933"
"2024-10-14","2024-10-14T11:54:00-07:00","2024-10-14T12:05:00-07:00","stairExercise","","","moderate","","confirmed","850afd7b-e5e8-4859-bb84-e8318c1e31c2"
"2024-10-14","2024-10-14T13:00:00-07:00","2024-10-14T13:11:00-07:00","cycling","","","moderate","","confirmed","fe203c1e-de76-49c2-8f8e-49677e906ff2"
"2024-10-14","2024-10-14T16:32:00-07:00","2024-10-14T16:45:00-07:00","cycling","","","moderate","","confirmed","5a8ced74-40fe-4ac7-be8c-402e002ebcd4"
"2024-10-14","2024-10-14T19:50:00-07:00","2024-10-14T20:00:00-07:00","cycling",56.42,"","moderate","","confirmed","2062e9d3-3e9a-4c87-8271-64c164a6888b"
"2024-10-14","2024-10-14T19:50:00-07:00","2024-10-14T20:00:00-07:00","cycling",56.42,"","moderate","","confirmed","2974dc87-d9f9-4fd7-9670-983ca1e5c39c"
"2024-10-19","2024-10-19T10:38:00-07:00","2024-10-19T11:13:00-07:00","stairExercise","","","moderate","","confirmed","661e1d35-5cc8-4572-8851-e3f3d569599f"
"2024-10-19","2024-10-19T17:56:00-07:00","2024-10-19T18:16:00-07:00","walking","","","moderate","","confirmed","340d2558-a878-49e2-9247-de695f338715"
"2024-10-20","2024-10-20T09:45:50-07:00","2024-10-20T10:45:50-07:00","pilates",84.6,"","moderate","","manual","abbc5d9d-2529-4c36-a6b7-070c6335db4d"
"2024-10-21","2024-10-21T18:13:00-07:00","2024-10-21T18:24:00-07:00","stairExercise",75.63600000000001,"","moderate","","confirmed","1d593618-0f4d-4d57-a8c9-c67b72deed17"
"2024-10-21","2024-10-21T19:48:00-07:00","2024-10-21T20:06:00-07:00","cycling",101.55600000000001,"","moderate","","confirmed","0148616b-aa9c-4233-b9bd-93aedfb30bac"
"2024-10-21","2024-10-21T19:48:00-07:00","2024-10-21T20:06:00-07:00","cycling","","","moderate","","confirmed","63b05d6d-1ab6-4cdf-9be5-b4a768f5baa1"
"2024-11-02","2024-11-02T11:04:00-07:00","2024-11-02T11:14:00-07:00","walking","","","moderate","","confirmed","cb3117b0-568b-4158-942e-fa43339b3c44"
"2024-11-02","2024-11-02T11:43:00-07:00","2024-11-02T12:00:00-07:00","walking","","","moderate","","confirmed","25d08a98-1550-441f-a21c-9cf637c4c022"
"2024-11-03","2024-11-03T11:31:00-08:00","2024-11-03T12:26:00-08:00","walking","","","moderate","","confirmed","d5f76573-847f-4f3c-aa84-363a79b52d86"
"2024-11-03","2024-11-03T13:27:00-08:00","2024-11-03T13:43:00-08:00","walking","","","moderate","","confirmed","f324dd8f-4457-4de1-813a-5fc4c2d7800f"
"2024-11-03","2024-11-03T15:57:00-08:00","2024-11-03T16:13:00-08:00","walking","","","moderate","","confirmed","0900b262-d64e-4d26-a97e-94f94c6a1951"
"2024-11-09","2024-11-09T20:27:00-08:00","2024-11-09T21:02:00-08:00","walking","","","moderate","","confirmed","2dfbc912-fa61-4e43-85d1-1842cd71a823"
"2024-11-12","2024-11-12T11:52:00-08:00","2024-11-12T12:13:00-08:00","walking",55.545,"","moderate","","confirmed","c212bef9-7d81-4df9-ad73-f238c1bd5773"
"2024-11-12","2024-11-12T12:41:00-08:00","2024-11-12T12:59:00-08:00","walking","","","moderate","","confirmed","b2a67b89-a322-491b-b2a5-5aebe07df598"
"2024-11-12","2024-11-12T15:04:00-08:00","2024-11-12T15:36:00-08:00","walking","","","moderate","","confirmed","263ca183-289d-47bb-be6c-2fc544ea9628"
"2024-11-12","2024-11-12T16:03:00-08:00","2024-11-12T16:23:00-08:00","cycling","","","moderate","","confirmed","5206b1da-5f6b-4944-94ab-c9d4607620d1"
"2024-11-13","2024-11-13T15:20:00-08:00","2024-11-13T15:34:00-08:00","walking","","","moderate","","confirmed","f708011e-883e-4c41-b009-92878218a863"
"2024-11-13","2024-11-13T17:11:00-08:00","2024-11-13T17:26:00-08:00","walking","","","moderate","","confirmed","c04040bb-680b-45b9-8f8c-c2125c900cee"
"2024-11-13","2024-11-13T19:56:00-08:00","2024-11-13T20:29:00-08:00","running",257.928,"","moderate","","confirmed","77cb736e-a838-469f-8d41-340331c14ffa"
"2024-11-13","2024-11-13T20:48:00-08:00","2024-11-13T21:53:00-08:00","soccer",427.83,"","moderate","","confirmed","ed1f325a-4368-4b6f-a087-d67f620739aa"
"2024-11-13","2024-11-13T22:31:00-08:00","2024-11-13T22:46:00-08:00","soccer",98.73,"","moderate","","confirmed","54861caf-82ad-4a3a-9845-8248e6013b05"
"2024-11-14","2024-11-14T09:49:00-08:00","2024-11-14T10:10:00-08:00","cycling","","","moderate","","confirmed","da0c47f5-b8bb-4e51-819d-63b9a0de164f"
"2024-11-17","2024-11-17T09:49:00-08:00","2024-11-17T10:23:00-08:00","running","","","moderate","","confirmed","a7b46ffe-b861-4ec4-b7fe-2457bec6a7de"
"2024-11-17","2024-11-17T10:35:00-08:00","2024-11-17T10:47:00-08:00","walking","","","moderate","","confirmed","e7f7cff5-681a-422b-9b45-36d2c18cba06"
"2024-11-18","2024-11-18T09:57:48-08:00","2024-11-18T10:06:23-08:00","cycling","",5.19350425786009,"moderate","","workout_heart_rate","420cf70a-e2fc-4dc1-a542-2f8244c62ce5"
"2024-11-18","2024-11-18T10:48:00-08:00","2024-11-18T11:03:00-08:00","running","","","moderate","","confirmed","bfc2046c-d43c-4d1e-9862-25bbc7a6c5b6"
"2024-11-18","2024-11-18T10:50:47-08:00","2024-11-18T10:56:47-08:00","running",46.896,28.653345069850378,"moderate","","workout_heart_rate","a94a5434-e77d-4c9c-8b20-006798f92a57"
"2024-11-18","2024-11-18T16:47:00-08:00","2024-11-18T17:01:00-08:00","cycling",78.988,"","moderate","","confirmed","640f4ae6-9fc5-4cd6-9821-108c2028dae1"
"2024-11-19","2024-11-19T09:23:49-08:00","2024-11-19T09:43:49-08:00","walking","",182.4787428672128,"moderate","","workout_heart_rate","3a8b2411-0c44-49b1-83b9-f0dadcaa8353"
"2024-11-21","2024-11-21T10:07:00-08:00","2024-11-21T11:05:00-08:00","walking",153.41,"","moderate","","confirmed","f6a61b37-1847-4f23-97cb-7a1f8d184dc3"
"2024-11-21","2024-11-21T15:03:00-08:00","2024-11-21T15:18:00-08:00","walking","","","moderate","","confirmed","c86fc546-9459-45ec-92f2-0108e114a41e"
"2024-11-22","2024-11-22T12:27:00-08:00","2024-11-22T12:38:00-08:00","walking",29.095,"","moderate","","confirmed","c1ad3a1e-945d-4735-ae1b-d39127d5794b"
"2024-11-22","2024-11-22T13:50:00-08:00","2024-11-22T14:08:00-08:00","walking","","","moderate","","confirmed","785f8492-14ec-4309-9dbb-53273ad04fb1"
"2024-11-22","2024-11-22T16:39:00-08:00","2024-11-22T16:58:00-08:00","walking","","","moderate","","confirmed","7023856a-9986-4770-83ca-6a8a910ffd5d"
"2024-11-22","2024-11-22T17:00:00-08:00","2024-11-22T17:44:00-08:00","pickleball","","","moderate","","confirmed","7600d425-56a2-4d6d-86a0-c543dabcf4fe"
"2024-11-23","2024-11-23T11:30:00-08:00","2024-11-23T11:48:00-08:00","stairExercise",123.768,"","moderate","","confirmed","339c0e4a-0c21-41b4-ab9b-d4de9a62441d"
"2024-11-27","2024-11-27T11:33:25-08:00","2024-11-27T13:04:35-08:00","walking","",3220.2160253713446,"moderate","","workout_heart_rate","bae4e313-01ff-4e0f-a52b-e220455c0d36"
"2024-11-28","2024-11-28T13:49:00-08:00","2024-11-28T14:03:00-08:00","stairExercise","","","moderate","","confirmed","7dee87d5-8276-4ecb-8cc7-a857003ab356"
"2024-11-28","2024-11-28T14:03:00-08:00","2024-11-28T14:24:00-08:00","running","","","moderate","","confirmed","369cf37f-a3a6-4a08-bdb9-83876c680d64"
"2024-11-28","2024-11-28T14:24:00-08:00","2024-11-28T14:59:00-08:00","running",273.56,"","moderate","","confirmed","db382444-5a3f-4d8d-b88c-a1d6a6f8eb3f"
"2024-11-28","2024-11-28T15:21:00-08:00","2024-11-28T15:32:00-08:00","walking",29.095,"","moderate","","confirmed","b273f5bb-2cc4-4ceb-9d36-5e483a5c863b"
"2024-11-30","2024-11-30T13:33:00-08:00","2024-11-30T13:44:00-08:00","running",85.976,"","moderate","","confirmed","164847a4-c987-4372-8c02-f9081bfb2580"
"2024-11-30","2024-11-30T13:41:20-08:00","2024-11-30T14:10:04-08:00","running","",3678.0808875089765,"moderate","","workout_heart_rate","6332dec0-acaa-4745-96b9-f225011b02b2"
"2024-12-10","2024-12-10T12:45:00-08:00","2024-12-10T13:09:57-08:00","running","",3536.2044810927073,"moderate","","workout_heart_rate","6f2cce72-4cee-4e71-8c45-42086487de05"
"2024-12-10","2024-12-10T17:38:00-08:00","2024-12-10T17:49:00-08:00","walking",29.095,"","moderate","","confirmed","9d11e188-a1fb-4075-b658-e7d4fd1cce4a"
"2024-12-16","2024-12-16T09:49:00-08:00","2024-12-16T10:33:00-08:00","cycling","","","moderate","","confirmed","2d40a3fb-2d0d-4bfb-a5f7-ee71ba09d6aa"
"2024-12-16","2024-12-16T19:38:00-08:00","2024-12-16T19:48:00-08:00","running",78.16,"","moderate","","confirmed","d276a6f6-cf9c-4ab2-be17-306b22076744"
"2024-12-17","2024-12-17T12:44:00-08:00","2024-12-17T12:56:00-08:00","walking",31.740000000000002,56.668852108123396,"moderate","","confirmed","aff6b5fc-5dd0-4759-ac0a-b42d528cbef6"
"2024-12-17","2024-12-17T13:14:00-08:00","2024-12-17T13:38:00-08:00","walking",63.480000000000004,994.0669018414325,"moderate","","confirmed","7cb21cc2-872c-4902-a510-aff5eaed39e9"
"2024-12-17","2024-12-17T13:14:00-08:00","2024-12-17T13:38:00-08:00","walking","",994.0669018414325,"moderate","","confirmed","96c07715-dc7d-4e5a-852e-336d4dd259a0"
"2024-12-17","2024-12-17T13:54:00-08:00","2024-12-17T14:07:00-08:00","walking","",571.2340070322995,"moderate","","confirmed","a0030de6-676c-48ef-98c1-dd01281d05de"
"2024-12-17","2024-12-17T14:24:00-08:00","2024-12-17T14:36:00-08:00","walking",31.740000000000002,601.4924328819692,"moderate","","confirmed","9a2eb663-320b-481e-bfff-7d54b9d96ff0"
"2024-12-18","2024-12-18T14:57:19-08:00","2024-12-18T15:39:58-08:00","running","",4671.505722796907,"moderate","","workout_heart_rate","05eec7a5-fad6-4ef8-9ef7-7ac7bca89748"
"2024-12-18","2024-12-18T19:55:00-08:00","2024-12-18T20:13:00-08:00","walking","","","moderate","","confirmed","e72e2b97-516a-446c-9865-1562af38a726"
"2024-12-24","2024-12-24T10:16:00-08:00","2024-12-24T10:28:00-08:00","HIIT",45.132000000000005,"","moderate","","confirmed","5dca5a8b-e587-4170-aca7-7512debce25c"
"2024-12-24","2024-12-24T22:21:00-08:00","2024-12-24T22:34:00-08:00","walking",34.385,"","moderate","","confirmed","514d6b1f-2569-4d4c-98a1-c909a0c61923"
"2024-12-29","2024-12-29T14:14:00-08:00","2024-12-29T14:25:00-08:00","walking",29.095,"","moderate","","confirmed","71fb1504-e186-40b0-89fa-2990e8dad00e"
"2024-12-29","2024-12-29T19:05:00-08:00","2024-12-29T19:21:00-08:00","cycling","","","moderate","","confirmed","97099fdb-40b4-4777-b187-9262bb398d1f"
"2024-12-30","2024-12-30T10:27:00-08:00","2024-12-30T10:55:00-08:00","walking","",778.2106302848832,"moderate","","confirmed","19aa5f14-562f-4cb3-945e-b4703e40db85"
"2024-12-30","2024-12-30T21:36:00-08:00","2024-12-30T22:01:00-08:00","walking","",1202.2464050108454,"moderate","","confirmed","f043354e-4612-4d89-ab5a-4cad1e1fdfc0"
"2025-01-01","2025-01-01T12:50:00+11:00","2025-01-01T13:39:00+11:00","walking","","","moderate","","confirmed","2da26757-fe9f-4133-bcec-a53c152a2caa"
"2025-01-01","2025-01-01T14:11:00+11:00","2025-01-01T15:00:00+11:00","walking","","","moderate","","confirmed","5b5e6d51-1ea5-466e-811b-c040e3cd8f9b"
"2025-01-01","2025-01-01T16:09:00+11:00","2025-01-01T16:49:00+11:00","walking","","","moderate","","confirmed","6404733b-01bd-42e5-86c2-cba039925102"
"2025-01-01","2025-01-01T18:16:00+11:00","2025-01-01T18:37:00+11:00","walking","",1042.6480365502782,"moderate","","confirmed","3672361a-076f-434c-9d5c-aaeb77e9eb9f"
"2025-01-01","2025-01-01T19:12:00+11:00","2025-01-01T19:59:00+11:00","walking","",2411.440255214474,"moderate","","confirmed","b6069662-2cc4-4d70-b513-d490c9a04b0c"
"2025-01-01","2025-01-01T20:46:00+11:00","2025-01-01T20:59:00+11:00","walking","",884.1814953340677,"moderate","","confirmed","cdb44c54-1a57-4d74-8cf3-51a2728c5da9"
"2025-01-02","2025-01-02T08:13:00+11:00","2025-01-02T08:39:00+11:00","walking","",1959.430142270798,"moderate","","confirmed","84321fc3-6697-4fcf-963b-b86117ef0301"
"2025-01-02","2025-01-02T09:41:00+11:00","2025-01-02T10:05:00+11:00","walking","",1576.0662004194473,"moderate","","confirmed","9fb9d234-f4bd-4290-9614-9f022443cb2d"
"2025-01-06","2025-01-06T07:58:52+11:00","2025-01-06T08:45:52+11:00","running",367.352,1828.3696263499105,"moderate","","manual","61e149f3-3b8a-45be-87fd-cd9c4e1c22f4"
"2025-01-06","2025-01-06T08:46:05+11:00","2025-01-06T09:38:43+11:00","running","",3485.131347999877,"moderate","","workout_heart_rate","d723398e-18e7-426a-a94d-93f93685b805"
"2025-01-06","2025-01-06T10:39:00+11:00","2025-01-06T11:03:00+11:00","walking","",1417.4406326068352,"moderate","","confirmed","4da99d64-1c62-49d8-87f0-2e3d8b7e6e7d"
"2025-01-06","2025-01-06T11:24:00+11:00","2025-01-06T11:41:00+11:00","walking","",1010.8012803865308,"moderate","","confirmed","87036ed9-a6b7-4e8c-98f5-eaaa9c337f67"
"2025-01-06","2025-01-06T12:08:00+11:00","2025-01-06T12:35:00+11:00","walking","",1757.0275293561451,"moderate","","confirmed","4f51639b-7315-48f0-ba5b-ab0492f57c63"
"2025-01-06","2025-01-06T12:59:00+11:00","2025-01-06T13:28:00+11:00","swimming","",21.886331566511828,"moderate","","confirmed","05a947e7-6606-4b32-aa64-238dc9833230"
"2025-01-06","2025-01-06T13:53:00+11:00","2025-01-06T14:43:00+11:00","swimming",320.3,614.3259338237881,"moderate","","confirmed","237b410f-ab18-4c36-b77e-c8f452cadec0"
"2025-01-06","2025-01-06T14:43:00+11:00","2025-01-06T15:18:00+11:00","walking",92.575,1777.3347350654935,"moderate","","confirmed","366149f8-5986-4783-8dfa-9fa6c79e5149"
"2025-01-06","2025-01-06T14:43:00+11:00","2025-01-06T15:18:00+11:00","walking","",1777.3347350654935,"moderate","","confirmed","7316e4c4-9492-43ae-9343-c9c71827d5dd"
"2025-01-09","2025-01-09T09:03:00+11:00","2025-01-09T09:20:00+11:00","walking","","","moderate","","confirmed","a8e4b21a-0fc3-47c0-9cd2-02956825c177"
"2025-01-09","2025-01-09T11:30:00+11:00","2025-01-09T11:45:00+11:00","walking","","","moderate","","confirmed","70d382ee-7eb8-448e-bd10-2145be7eee91"
"2025-01-09","2025-01-09T18:30:00+11:00","2025-01-09T18:48:00+11:00","walking",47.61,"","moderate","","confirmed","cff91087-6254-489c-b83b-c477db2b0db7"
"2025-01-09","2025-01-09T19:24:00+11:00","2025-01-09T19:39:00+11:00","walking",39.675,"","moderate","","confirmed","a1c3e044-8454-4d3c-acdd-27b607d40668"
"2025-01-13","2025-01-13T05:36:00+11:00","2025-01-13T05:48:00+11:00","walking",31.740000000000002,"","moderate","","confirmed","162f8bb3-9002-41ac-9446-edf76bb87f48"
"2025-01-16","2025-01-16T07:30:00+11:00","2025-01-16T08:27:00+11:00","walking","",3475.349332334672,"moderate","","confirmed","74b22ad0-ff40-43af-aaf5-9dda1f0a9929"
"2025-01-16","2025-01-16T13:18:00+11:00","2025-01-16T13:31:00+11:00","walking","",755.6140668312031,"moderate","","confirmed","a6f1cb5b-ff71-4e1e-a079-318f88294916"
"2025-01-16","2025-01-16T15:32:00+11:00","2025-01-16T15:51:00+11:00","walking",50.255,"","moderate","","confirmed","587528a2-698a-4ea3-be10-b814e3fb5c9a"
"2025-01-16","2025-01-16T17:30:00+11:00","2025-01-16T18:17:00+11:00","walking","","","moderate","","confirmed","da8a64cd-ad67-41b3-b026-31cfb0e0050f"
"2025-01-17","2025-01-17T08:33:00+11:00","2025-01-17T08:52:00+11:00","walking","",754.8872191722584,"moderate","","confirmed","b1cdfcd6-b129-4abf-9dea-a92758d3e25a"
"2025-01-17","2025-01-17T09:15:00+11:00","2025-01-17T09:26:00+11:00","running","",339.96892658317387,"moderate","","confirmed","7356c200-df66-4974-87cf-566d84a7c028"
"2025-01-18","2025-01-18T16:50:00+11:00","2025-01-18T18:34:00+11:00","running","",13210.94469776949,"moderate","","confirmed","a8252ba9-f4a4-4679-a7f5-2df6d436637e"
"2025-01-18","2025-01-18T18:47:00+11:00","2025-01-18T19:02:00+11:00","walking","",882.3167783808116,"moderate","","confirmed","ab16d616-6248-4968-8ac0-8327add165b2"
"2025-01-19","2025-01-19T15:19:00+11:00","2025-01-19T15:39:00+11:00","walking","","","moderate","","confirmed","dfc8ebee-af3f-4e69-aed8-5636be7f9dca"
"2025-01-19","2025-01-19T16:00:00+11:00","2025-01-19T16:24:00+11:00","walking","","","moderate","","confirmed","76760c80-cd58-4a56-8a51-44bb94038242"
"2025-01-23","2025-01-23T06:30:00+08:00","2025-01-23T06:44:00+08:00","running","",2085.8532560739027,"moderate","","confirmed","1f9147ed-7fc7-4583-9c4c-0a7bd1d8f0ad"
"2025-01-23","2025-01-23T06:59:00+08:00","2025-01-23T07:32:00+08:00","running","",3356.6719579342534,"moderate","","confirmed","52472a08-4966-43c7-a18c-258715bddf3f"
"2025-01-23","2025-01-23T08:00:00+08:00","2025-01-23T08:15:00+08:00","running",117.24,319.01898992013497,"moderate","","confirmed","5ae66bba-cf88-4720-8778-dd2295ef7f4d"
"2025-01-30","2025-01-30T11:01:00+11:00","2025-01-30T11:41:00+11:00","walking","",1434.6036507738388,"moderate","","confirmed","54bafe1a-7482-488f-a7f0-70461769db0c"
"2025-01-30","2025-01-30T12:39:00+11:00","2025-01-30T12:54:00+11:00","walking",39.675,32.733941675100915,"moderate","","confirmed","a35fc752-3b31-4e0b-8327-6a687f70a4c7"
"2025-01-30","2025-01-30T13:44:00+11:00","2025-01-30T14:01:00+11:00","walking","",1082.741302743195,"moderate","","confirmed","42e45e24-73ad-4e1c-8114-d936b1a6b6b4"
"2025-01-30","2025-01-30T14:55:00+11:00","2025-01-30T15:05:00+11:00","walking","","","moderate","","confirmed","bd21aea4-f1e4-4234-ac2b-6220d1459bb0"
"2025-01-30","2025-01-30T18:17:00+11:00","2025-01-30T18:29:00+11:00","walking","","","moderate","","confirmed","eac01262-e692-4f6a-a8bf-c0b09b0bfda0"
"2025-01-30","2025-01-30T19:30:00+11:00","2025-01-30T19:53:00+11:00","walking","","","moderate","","confirmed","62eb7f06-f497-452b-96e9-517355304b4c"
"2025-01-31","2025-01-31T14:58:00+11:00","2025-01-31T15:17:00+11:00","walking","","","moderate","","confirmed","67004d98-6f22-473f-b566-3bbc3eb2b0d4"
"2025-01-31","2025-01-31T17:30:00+11:00","2025-01-31T17:47:00+11:00","walking","","","moderate","","confirmed","e45d5076-bf2b-4e24-98a1-15b3c8315b86"
"2025-01-31","2025-01-31T19:04:00+11:00","2025-01-31T19:34:00+11:00","walking","","","moderate","","confirmed","a59c33ff-fd24-4357-8bd8-bf77c2e06119"
"2025-02-01","2025-02-01T09:09:00+11:00","2025-02-01T10:00:00+11:00","houseWork",86.904,2.749170659212529,"moderate","","confirmed","db2c295f-de65-4e23-816d-fbfc726e542b"
"2025-02-01","2025-02-01T13:52:00+11:00","2025-02-01T14:19:00+11:00","walking","","","moderate","","confirmed","228264a0-50c5-457a-8479-88304a63f63c"
"2025-02-01","2025-02-01T14:53:00+11:00","2025-02-01T15:03:00+11:00","walking","","","moderate","","confirmed","f188261a-de40-4ea4-8ac9-502796ae7c58"
"2025-02-02","2025-02-02T10:43:00+11:00","2025-02-02T10:56:00+11:00","walking","","","moderate","","confirmed","6b9f5e91-c007-4eb2-a174-619fb580ad70"
"2025-02-02","2025-02-02T11:49:00+11:00","2025-02-02T12:02:00+11:00","walking","","","moderate","","confirmed","90ad3b3e-a8f2-40bc-b067-c59aadde75f5"
"2025-02-02","2025-02-02T13:28:00+11:00","2025-02-02T13:57:00+11:00","walking","",200.40935363713638,"moderate","","confirmed","e3ec18f5-9611-4c54-9dbe-16151c5037c7"
"2025-02-02","2025-02-02T17:55:00+11:00","2025-02-02T18:13:00+11:00","walking","","","moderate","","confirmed","bd8189ad-05bf-4afe-8264-a8b349dc8f37"
"2025-02-02","2025-02-02T18:50:00+11:00","2025-02-02T19:00:00+11:00","walking","","","moderate","","confirmed","32c5fc60-86d6-4ece-8e07-06527c377fbf"
"2025-02-05","2025-02-05T14:33:00+11:00","2025-02-05T14:44:00+11:00","walking","","","moderate","","confirmed","8a6491de-e146-4245-abb5-006c167c877f"
"2025-02-05","2025-02-05T17:24:00+11:00","2025-02-05T17:40:00+11:00","walking","","","moderate","","confirmed","546c85f6-53d5-400f-9885-74c4729ab877"
"2025-02-05","2025-02-05T20:25:00+11:00","2025-02-05T20:38:00+11:00","walking",34.385,"","moderate","","confirmed","17c6beb1-3cfd-4847-a35b-75e884cace1f"
"2025-02-06","2025-02-06T09:12:45+11:00","2025-02-07T05:01:55+11:00","running","",13739.083826534437,"moderate","","workout_heart_rate","f8b1de78-2fde-448b-8148-500c1e15acfe"
"2025-02-07","2025-02-07T05:24:00+11:00","2025-02-07T05:41:00+11:00","walking","",1434.553102236143,"moderate","","confirmed","8b723ce4-ea5d-45e8-a186-cee03a8ed28f"
"2025-02-07","2025-02-07T05:55:00+11:00","2025-02-07T06:20:00+11:00","running","",2980.7901994383997,"moderate","","confirmed","4d722e7a-d868-47fc-8411-ecc8708e7a25"
"2025-02-07","2025-02-07T06:20:00+11:00","2025-02-07T06:32:00+11:00","walking","",765.7897465116482,"moderate","","confirmed","6eb16535-896a-4ae4-beb2-17890633d1f3"
"2025-02-07","2025-02-07T06:45:00+11:00","2025-02-07T07:01:00+11:00","walking","",829.2122617891047,"moderate","","confirmed","14be25c7-576d-4d89-9973-eee6f147416d"
"2025-02-07","2025-02-07T07:15:00+11:00","2025-02-07T07:26:00+11:00","walking","",541.59967845452,"moderate","","confirmed","3b8719e7-6a00-4e8e-b94a-085eb10cbc8e"
"2025-02-07","2025-02-07T15:13:00+11:00","2025-02-07T15:28:00+11:00","walking","",655.4528126836873,"moderate","","confirmed","6c6f692a-29e6-4be0-bbdf-6f91ca964cac"
"2025-02-07","2025-02-07T15:59:00+11:00","2025-02-07T16:11:00+11:00","walking","","","moderate","","confirmed","77cd4bbf-d180-4507-9a4f-0c2fb1d653d7"
"2025-02-07","2025-02-07T16:51:00+11:00","2025-02-07T17:01:00+11:00","walking",26.45,"","moderate","","confirmed","13841491-badb-4db8-8514-d717eb1958b2"
"2025-02-08","2025-02-08T10:53:00+11:00","2025-02-08T11:07:00+11:00","walking","","","moderate","","confirmed","45f8303c-c24d-45b4-a4fa-8160a732c5a5"
"2025-02-11","2025-02-11T10:41:00+07:00","2025-02-11T10:51:00+07:00","walking","","","moderate","","confirmed","13e11bd8-b3a3-4c17-932c-80b0e0c2feca"
"2025-02-12","2025-02-12T11:33:00+07:00","2025-02-12T11:43:00+07:00","walking","",701.1300429061653,"moderate","","confirmed","4f3210c2-9cad-4cba-b898-0218a67a38ce"
"2025-02-12","2025-02-12T13:00:00+07:00","2025-02-12T13:10:00+07:00","walking",26.45,666.178700447395,"moderate","","confirmed","e73db093-b085-4cf7-8cf3-ce4f13b8b823"
"2025-02-19","2025-02-19T13:23:00+11:00","2025-02-19T13:33:00+11:00","walking","",818.9439295325501,"moderate","","confirmed","05e6540b-d65d-4e26-98cd-b3723f8dd852"
"2025-02-19","2025-02-19T13:45:00+11:00","2025-02-19T14:00:00+11:00","walking","",1139.4871472859766,"moderate","","confirmed","1b77835c-2c0d-4dee-9489-c88d0df80465"
"2025-02-19","2025-02-19T21:05:00+11:00","2025-02-19T21:23:00+11:00","walking",47.61,"","moderate","","confirmed","40309ede-8344-418e-bfef-5b79a5439e43"
"2025-02-19","2025-02-19T21:36:00+11:00","2025-02-19T21:56:00+11:00","walking","","","moderate","","confirmed","af121c52-70b5-4102-8b8a-953bbb9989ae"
"2025-02-20","2025-02-20T13:47:00+11:00","2025-02-20T14:01:00+11:00","walking","",327.1983380106358,"moderate","","confirmed","de1069c4-6da0-46b4-a1dc-f6d31e50dff8"
"2025-02-20","2025-02-20T14:10:00+11:00","2025-02-20T15:26:00+11:00","walking","",6182.3005430746825,"moderate","","confirmed","6a077ac1-1a7f-48a3-8a90-0c890fba7214"
"2025-02-23","2025-02-23T09:59:29+11:00","2025-02-23T11:20:37+11:00","running","",9745.423903307103,"moderate","","workout_heart_rate","ce9d3d3c-12d7-40ec-9ba2-3f31860e316d"
"2025-03-07","2025-03-07T11:17:00+11:00","2025-03-07T11:30:00+11:00","walking","","","moderate","","confirmed","a157e446-c455-4e58-be56-9fdd53cfe969"
"2025-03-07","2025-03-07T12:00:00+11:00","2025-03-07T12:10:00+11:00","walking","",733.3619836033348,"moderate","","confirmed","2c0fc19d-712d-496d-8bb4-9ee574d969a1"
"2025-03-07","2025-03-07T12:27:00+11:00","2025-03-07T12:41:00+11:00","walking","",984.8034591608072,"moderate","","confirmed","57f83daa-89c7-48a1-9716-700e3731224f"
"2025-03-07","2025-03-07T15:01:00+11:00","2025-03-07T15:17:00+11:00","walking","",1045.8381040763536,"moderate","","confirmed","50cd0de5-1807-4d4f-88e8-4431cdee3f4b"
"2025-03-07","2025-03-07T18:37:00+11:00","2025-03-07T19:27:00+11:00","walking","",3249.257946521184,"moderate","","confirmed","f369337a-5d1c-464c-8418-50489599723b"
"2025-03-09","2025-03-09T09:45:00+11:00","2025-03-09T10:06:00+11:00","houseWork",35.784,"","moderate","","confirmed","7286b92f-d4b7-4641-8e64-ba15783c98d0"
"2025-03-11","2025-03-11T14:21:00+11:00","2025-03-11T14:33:00+11:00","walking","","","moderate","","confirmed","64dc2919-0e5d-4350-a2a1-7e29b6df8b95"
"2025-03-16","2025-03-16T11:25:00+11:00","2025-03-16T11:46:00+11:00","walking","","","moderate","","confirmed","dc36c812-4e2e-4034-a5d3-baceef7868f8"
"2025-03-16","2025-03-16T12:21:00+11:00","2025-03-16T12:34:00+11:00","walking","","","moderate","","confirmed","76514d86-c76d-4334-8e53-29e1647d9608"
"2025-03-16","2025-03-16T14:06:00+11:00","2025-03-16T14:35:00+11:00","walking","","","moderate","","confirmed","98922ea9-3c2e-4343-841d-289e6eb2c7fe"
"2025-03-16","2025-03-16T17:51:00+11:00","2025-03-16T18:18:00+11:00","walking","","","moderate","","confirmed","9315dc18-2da4-46d7-b1c1-5bb68d0d766e"
"2025-03-16","2025-03-16T19:07:00+11:00","2025-03-16T19:19:00+11:00","walking","","","moderate","","confirmed","b948942d-1f2c-4fe4-a80a-c02c8d2a5a93"
"2025-03-23","2025-03-23T07:38:00+11:00","2025-03-23T07:51:00+11:00","walking","","","moderate","","confirmed","ae789900-6c80-4577-bf7b-fbf1961e94b7"
"2025-03-23","2025-03-23T15:14:00+11:00","2025-03-23T15:26:00+11:00","walking","","","moderate","","confirmed","1c2486f1-01cf-4999-aa58-1e39df2e4b1e"
"2025-03-24","2025-03-24T09:54:00+13:00","2025-03-24T10:13:00+13:00","walking","","","moderate","","confirmed","46c7a009-7c40-41e4-ac26-eb3f46a996a7"
"2025-03-24","2025-03-24T11:27:00+13:00","2025-03-24T12:05:00+13:00","walking","","","moderate","","confirmed","f8cfddcb-1e53-49fb-99f2-a0b9650c342b"
"2025-03-24","2025-03-24T12:06:00+13:00","2025-03-24T12:56:00+13:00","walking","","","moderate","","confirmed","cea98643-a44f-48fd-885a-a3222c1dafb9"
"2025-03-25","2025-03-25T10:07:00+13:00","2025-03-25T10:28:00+13:00","walking","","","moderate","","confirmed","e5fd551a-55c3-43a5-8bb6-039b4a27247d"
"2025-03-25","2025-03-25T18:59:00+13:00","2025-03-25T19:18:00+13:00","walking","","","moderate","","confirmed","565c8d39-24de-496b-911d-cfa48bbd18eb"
"2025-03-27","2025-03-27T09:13:00+13:00","2025-03-27T09:29:00+13:00","walking","","","moderate","","confirmed","eb0f227f-3b43-4404-b1d4-8014f7b01dbc"
"2025-03-27","2025-03-27T14:24:00+13:00","2025-03-27T14:44:00+13:00","walking","","","moderate","","confirmed","3539eab1-3c29-4af3-91f7-7b7c4d739672"
"2025-03-27","2025-03-27T18:04:00+13:00","2025-03-27T18:20:00+13:00","walking","","","moderate","","confirmed","2db6dcce-28ae-47ea-abb7-10b89808fd4a"
"2025-04-20","2025-04-20T07:58:00+10:00","2025-04-20T08:15:00+10:00","walking",56.79729461669922,"","moderate","","confirmed","0d48d37c-7de8-4b13-abee-997b47cfe250"
"2025-04-20","2025-04-20T08:15:00+10:00","2025-04-20T08:56:00+10:00","running",284.8873596191406,"","moderate","","confirmed","70c465e7-b3bf-43bb-be35-021c89a01c00"
"2025-04-20","2025-04-20T08:56:00+10:00","2025-04-20T09:09:00+10:00","running",46.03261947631836,"","moderate","","confirmed","51401255-0aec-43b0-baa6-4cb99ae58193"
"2025-04-23","2025-04-23T10:09:00+10:00","2025-04-23T10:35:00+10:00","walking",60.43714904785156,1258.4553508218153,"moderate","","confirmed","24b74662-58de-47cc-abc9-46bc5906202a"
"2025-04-23","2025-04-23T10:59:00+10:00","2025-04-23T11:13:00+10:00","walking",42.539344787597656,894.313520475249,"moderate","","confirmed","e47f6bf7-9abf-467d-a56e-eb3790dfc1c6"
"2025-04-23","2025-04-23T13:52:00+10:00","2025-04-23T14:03:00+10:00","walking",37.710182189941406,876.9502629512025,"moderate","","confirmed","6aacbb8c-acb5-4868-bf0d-66efba65d9d1"
"2025-04-23","2025-04-23T15:07:00+10:00","2025-04-23T15:20:00+10:00","walking",46.932464599609375,"","moderate","","confirmed","7b76abcf-2e0d-435c-a5cd-bab4b6e89183"
"2025-04-24","2025-04-24T08:35:00+10:00","2025-04-24T08:46:00+10:00","walking",26.890483856201172,"","moderate","","confirmed","d89c9061-7ab1-4845-bdc8-39de459935a1"
"2025-05-04","2025-05-04T08:05:00+10:00","2025-05-04T08:37:00+10:00","walking",72.35358428955078,1667.442476923076,"moderate","","confirmed","28fea735-6a00-4052-8c38-e4f8349be70f"
"2025-05-04","2025-05-04T09:22:00+10:00","2025-05-04T11:17:00+10:00","running",981.2327880859375,"","moderate","","confirmed","251b1801-dadf-4090-a57c-d29ddf76ee95"
"2025-05-04","2025-05-04T12:24:00+10:00","2025-05-04T12:44:00+10:00","walking",51.90087127685547,"","moderate","","confirmed","28c6fec2-ab75-4481-a349-a8ed655827db"
"2025-05-04","2025-05-04T13:01:00+10:00","2025-05-04T13:16:00+10:00","walking",37.96631622314453,"","moderate","","confirmed","107eeecb-881d-405d-93c1-5f6d4c2e6402"
"2025-05-04","2025-05-04T19:14:00+10:00","2025-05-04T19:32:00+10:00","walking",34.990264892578125,"","moderate","","confirmed","fe3dcfd2-ee00-473e-819a-26a8b8a82af6"
"2025-05-04","2025-05-04T19:14:00+10:00","2025-05-04T19:32:00+10:00","walking",34.990264892578125,"","moderate","","confirmed","a3a005bc-2cd2-4266-9679-0df268c83665"
"2025-05-04","2025-05-04T21:58:00+10:00","2025-05-04T22:12:00+10:00","dance",47.41896057128906,"","moderate","","confirmed","795a90e9-45af-4c3e-820d-ea0f40f383ac"
"2025-05-05","2025-05-05T13:48:00+10:00","2025-05-05T14:02:00+10:00","walking",34.912506103515625,"","moderate","","confirmed","9fb0fab5-e1f3-40a7-9d29-e7a18a275cea"
"2025-05-05","2025-05-05T13:48:00+10:00","2025-05-05T14:02:00+10:00","walking",34.912506103515625,"","moderate","","confirmed","943b7cd9-1907-42f3-8353-12989907f8bd"
"2025-05-05","2025-05-05T13:48:00+10:00","2025-05-05T14:02:00+10:00","walking",34.912506103515625,"","moderate","","confirmed","0840dea8-65cf-448f-b585-886528cb288f"
"2025-05-05","2025-05-05T17:18:00+10:00","2025-05-05T17:28:00+10:00","walking",24.045108795166016,"","moderate","","confirmed","f690cf21-fb8d-458c-a930-6c582093cf79"
"2025-05-05","2025-05-05T18:07:00+10:00","2025-05-05T18:22:00+10:00","walking",39.00953674316406,"","moderate","","confirmed","2a004d6b-9309-4c3c-85ab-dc38e031c89e"
"2025-05-14","2025-05-14T08:37:00+10:00","2025-05-14T08:56:00+10:00","walking",44.11167526245117,614.4756709341639,"moderate","","confirmed","1e434133-c3d5-4991-8de5-7ad39f65972d"
"2025-05-23","2025-05-23T08:50:00-07:00","2025-05-23T09:03:00-07:00","walking",24.038652420043945,7.7881474846647665,"moderate","","confirmed","6a3d28af-7613-4d75-bc4b-7b53eed40d5a"
"2025-05-23","2025-05-23T10:12:00-07:00","2025-05-23T10:25:00-07:00","walking",40.022743225097656,921.4527199695926,"moderate","","confirmed","817f83f8-6b60-4f12-a22d-de7c0b4655d6"
"2025-05-23","2025-05-23T11:06:00-07:00","2025-05-23T12:01:00-07:00","walking",184.31068420410156,160.8272616369706,"moderate","","confirmed","b5ca1582-7510-4bbb-9507-a482416f5eb0"
"2025-05-24","2025-05-24T12:32:00-07:00","2025-05-24T12:42:00-07:00","walking",27.422178268432617,"","moderate","","confirmed","3d03d1e6-df8b-4889-824c-2e90b27cea0d"
"2025-05-24","2025-05-24T13:40:00-07:00","2025-05-24T13:51:00-07:00","walking",26.294565200805664,"","moderate","","confirmed","a8559a64-d069-4bb8-acb5-226659a74f93"
"2025-05-24","2025-05-24T15:10:00-07:00","2025-05-24T15:22:00-07:00","walking",25.085655212402344,"","moderate","","confirmed","925dc884-b656-4ef9-9d28-76f0c52b51cc"
"2025-05-24","2025-05-24T18:36:00-07:00","2025-05-24T18:57:00-07:00","dance",100.79353332519531,"","moderate","","confirmed","c20e6350-9c88-4ade-b39a-7308a5c15eb9"
"2025-05-25","2025-05-25T10:15:00-07:00","2025-05-25T10:29:00-07:00","walking",20.0186767578125,213.63809526350485,"moderate","","confirmed","4c3105c6-b59c-404b-a69e-acaeba6f66e9"
"2025-05-25","2025-05-25T10:39:00-07:00","2025-05-25T11:10:00-07:00","walking",183.8539276123047,45.79378528913379,"moderate","","confirmed","a13819bc-017d-4f32-ba8f-bac4f22e8119"
"2025-05-25","2025-05-25T16:56:00-07:00","2025-05-25T17:36:00-07:00","walking",87.16331481933594,1371.6530312496623,"moderate","","confirmed","c63a7d13-63df-480e-9d29-afd0f2f7925d"
"2025-05-26","2025-05-26T10:06:00-07:00","2025-05-26T10:45:00-07:00","walking",94.3044662475586,1024.4250681096592,"moderate","","confirmed","4d2cff68-812b-4387-adf9-fc9fb6201e27"
"2025-05-26","2025-05-26T11:09:00-07:00","2025-05-26T11:30:00-07:00","pickleball",78.22314453125,"","moderate","","confirmed","ef46906a-7a94-4b53-93ce-b120d121a2ed"
"2025-05-26","2025-05-26T11:31:00-07:00","2025-05-26T12:23:00-07:00","pickleball",200.88116455078125,13.879686881116095,"moderate","","confirmed","9f50d029-3082-47da-ac8a-3000705bcaf0"
"2025-05-26","2025-05-26T12:29:00-07:00","2025-05-26T12:50:00-07:00","walking",59.51697540283203,1258.849224382889,"moderate","","confirmed","1f515372-221b-4eec-a93d-5c8e8c8455e5"
"2025-05-26","2025-05-26T15:29:00-07:00","2025-05-26T16:02:00-07:00","walking",54.62884521484375,"","moderate","","confirmed","28dc39df-d3d4-449d-a422-eee96a078212"
"2025-05-27","2025-05-27T10:24:00-07:00","2025-05-27T11:03:00-07:00","walking",103.26548767089844,101.3336625329132,"moderate","","confirmed","2e25ca4c-c6ae-40b8-8997-154d4b281dd7"
"2025-05-27","2025-05-27T18:05:00-07:00","2025-05-27T18:16:00-07:00","walking",33.4488639831543,716.9814682649974,"moderate","","confirmed","1c9dea93-f45b-42d8-90f7-04044f6070ef"
"2025-05-28","2025-05-28T15:31:00-07:00","2025-05-28T15:43:00-07:00","walking",17.647005081176758,374.70327393275346,"moderate","","confirmed","70375ac1-20be-45d3-8948-f4cccd69c6c3"
"2025-05-28","2025-05-28T16:13:00-07:00","2025-05-28T16:45:00-07:00","stairExercise",143.7297821044922,34.67320579285616,"moderate","","confirmed","24fa8165-6dcf-4dfb-809b-839f4f501b50"
"2025-05-28","2025-05-28T16:46:00-07:00","2025-05-28T17:04:00-07:00","walking",62.50086212158203,37.0632401726029,"moderate","","confirmed","e5d897db-1c77-45cf-8f8e-de3e21210461"
"2025-05-28","2025-05-28T17:04:00-07:00","2025-05-28T17:28:00-07:00","walking",82.46585845947266,91.7088672858314,"moderate","","confirmed","ef90912f-70d9-472d-b776-37fa96791321"
"2025-05-28","2025-05-28T17:29:00-07:00","2025-05-28T17:41:00-07:00","walking",41.925880432128906,50.20430592013511,"moderate","","confirmed","737946f2-4c36-4b3f-8ac1-27f15437067c"
"2025-05-29","2025-05-29T08:26:03-07:00","2025-05-29T09:24:03-07:00","surfing",190.90087890625,17.902647090629586,"moderate","","manual","e2c80020-3666-4a06-a595-4d90056c1061"
"2025-05-30","2025-05-30T10:08:00-07:00","2025-05-30T10:27:00-07:00","running",92.28346252441406,1676.4431658874148,"moderate","","confirmed","eb18f66d-5e8a-4bed-8b73-8554d194dac5"
"2025-05-30","2025-05-30T10:28:00-07:00","2025-05-30T10:55:00-07:00","walking",97.79637145996094,2575.011689861528,"moderate","","confirmed","e8881d7a-2f35-479b-8c35-a24105b14d32"
"2025-05-31","2025-05-31T11:12:00-07:00","2025-05-31T11:27:00-07:00","walking",29.07349395751953,999.8708940193679,"moderate","","confirmed","b3e02e39-aca9-4eb1-80e0-375123c9652e"
"2025-05-31","2025-05-31T11:56:00-07:00","2025-05-31T12:52:00-07:00","walking",135.20217895507812,1203.0737053101568,"moderate","","confirmed","135b371a-e901-4432-a6b5-80dfcef3c68c"
"2025-05-31","2025-05-31T15:35:00-07:00","2025-05-31T16:24:00-07:00","walking",108.29252624511719,572.9964148256213,"moderate","","confirmed","473f84de-8096-4259-b070-dd7a567e155e"
"2025-06-01","2025-06-01T10:01:00-07:00","2025-06-01T10:11:00-07:00","walking",28.25830841064453,130.0003906228424,"moderate","","confirmed","8288f979-4fa0-4d4d-a1db-6131a1a2fc36"
"2025-06-01","2025-06-01T10:12:00-07:00","2025-06-01T10:39:00-07:00","walking",71.1650619506836,136.57461246527717,"moderate","","confirmed","29ef5fa9-cc27-4546-a147-cdd6be661818"
"2025-06-01","2025-06-01T15:41:00-07:00","2025-06-01T15:52:00-07:00","walking",29.017248153686523,477.72637264010433,"moderate","","confirmed","33f720e5-cd7d-40cb-b8c2-16321b9571c9"
"2025-06-01","2025-06-01T16:50:00-07:00","2025-06-01T17:05:00-07:00","walking",35.311073303222656,651.192420839278,"moderate","","confirmed","586ca721-5048-444e-a3ef-04f587536ce7"
"2025-06-02","2025-06-02T10:06:00-07:00","2025-06-02T10:20:00-07:00","walking",36.6883544921875,742.890967201551,"moderate","","confirmed","c47ed50f-7e6a-47c4-9803-0d48a53b8bff"
"2025-06-02","2025-06-02T17:51:00-07:00","2025-06-02T18:04:00-07:00","walking",21.094757080078125,367.58691347594527,"moderate","","confirmed","8c66310a-0acb-4416-bf11-a11cc916cd45"
"2025-06-03","2025-06-03T12:46:00-07:00","2025-06-03T13:52:00-07:00","walking",149.3800048828125,"","moderate","","confirmed","0d26168b-b8b9-4872-bd86-3a9e6aeefd45"
"2025-06-03","2025-06-03T13:53:00-07:00","2025-06-03T14:03:00-07:00","walking",21.35189437866211,"","moderate","","confirmed","ab9ebeb0-2b84-4ec2-adb1-9c35d8231b66"
"2025-06-03","2025-06-03T17:38:00-07:00","2025-06-03T18:14:00-07:00","walking",110.43443298339844,92.3781735960838,"moderate","","confirmed","442dcf45-5da6-4319-b991-ffc8dede84ec"
"2025-06-05","2025-06-05T07:16:00-07:00","2025-06-05T07:35:00-07:00","walking",26.8666934967041,"","moderate","","confirmed","9e16ce63-144d-4771-a1ed-d3c65ecdbd57"
"2025-06-17","2025-06-17T17:17:00-07:00","2025-06-17T17:41:00-07:00","stairExercise",149.98190307617188,77.1126296597832,"moderate","","confirmed","a3871593-e7a6-4b3a-b825-a721bf9c478f"
"2025-06-17","2025-06-17T18:00:00-07:00","2025-06-17T18:25:00-07:00","walking",53.06945037841797,1094.6582663754618,"moderate","","confirmed","e13828df-70ea-4c71-8164-4d032d817d74"
"2025-06-18","2025-06-18T17:11:00-07:00","2025-06-18T17:34:00-07:00","stairExercise",106.71248626708984,19.907752023903818,"moderate","","confirmed","7a90c8d1-e11c-45d6-b70b-dc032ab15281"
"2025-06-21","2025-06-21T10:51:00-07:00","2025-06-21T11:24:00-07:00","stairExercise",184.3851318359375,70.50848943043384,"moderate","","confirmed","fa27b7a3-8467-4265-9ed2-63b3300f7abb"
"2025-06-22","2025-06-22T08:51:00-07:00","2025-06-22T09:28:00-07:00","walking",93.7391357421875,1920.2131752138384,"moderate","","confirmed","e9211e9e-a9d6-4274-9cd2-7d76b4ece416"
"2025-06-23","2025-06-23T17:42:00-07:00","2025-06-23T18:32:00-07:00","stairExercise",259.4368896484375,214.9498776404187,"moderate","","confirmed","64a4fce2-6a6a-40f3-9164-8dfe0010ac02"
"2025-06-23","2025-06-23T18:54:00-07:00","2025-06-23T19:07:00-07:00","walking",42.620750427246094,927.281885492322,"moderate","","confirmed","631a40a8-693c-4022-84b5-d6c3cf4ad018"
"2025-06-24","2025-06-24T13:22:00-07:00","2025-06-24T14:00:00-07:00","walking",99.30059814453125,2097.898254844802,"moderate","","confirmed","ab3cac1c-5a47-4316-bf91-82fb6a3ae119"
"2025-06-25","2025-06-25T12:31:00-07:00","2025-06-25T12:41:00-07:00","hiking",11.642807006835938,"","moderate","","confirmed","1f9a4b44-41c5-46ca-97ef-8214c964470a"
"2025-06-26","2025-06-26T08:14:00-07:00","2025-06-26T08:50:00-07:00","hiking",64.27288818359375,28.80459032427136,"moderate","","confirmed","5ac462b8-44b9-4821-8328-a89557f7dbfe"
"2025-06-26","2025-06-26T09:45:00-07:00","2025-06-26T10:53:00-07:00","hiking",402.58233642578125,3283.309587840566,"moderate","","confirmed","e2624cfe-46b7-41ad-a0e6-236c761fb8b1"
"2025-06-26","2025-06-26T11:07:00-07:00","2025-06-26T11:43:00-07:00","hiking",213.13182067871094,871.7992654285806,"moderate","","confirmed","73b9014d-38e1-4283-b1a2-feb04f1ea74a"
"2025-06-26","2025-06-26T12:17:00-07:00","2025-06-26T12:40:00-07:00","hiking",136.1675567626953,62.79946600825643,"moderate","","confirmed","d2289c6a-05e3-486c-8d45-c1a1db6a03bd"
"2025-06-26","2025-06-26T14:43:00-07:00","2025-06-26T14:57:00-07:00","hiking",82.88459777832031,"","moderate","","confirmed","68b87beb-0142-4558-9287-f85858caf6f5"
"2025-06-26","2025-06-26T16:03:00-07:00","2025-06-26T17:14:00-07:00","hiking",420.33270263671875,1313.656085071992,"moderate","","confirmed","be77e4f4-8d55-48f9-a8ed-c25c96e04b96"
"2025-06-26","2025-06-26T17:58:00-07:00","2025-06-26T18:47:00-07:00","hiking",290.0887756347656,3318.8312135164633,"moderate","","confirmed","6268339a-ce70-4345-bb6f-db4fd7818c3c"
"2025-06-27","2025-06-27T12:28:00-07:00","2025-06-27T12:46:00-07:00","hiking",32.08500671386719,34.571700701360975,"moderate","","confirmed","ecdc4105-9c63-4a34-8879-8515e728ceaf"
"2025-06-27","2025-06-27T14:36:00-07:00","2025-06-27T15:58:00-07:00","hiking",228.46051025390625,3883.2288404027304,"moderate","","confirmed","19e04e3f-eed8-41cc-8590-d53e79c79244"
"2025-06-27","2025-06-27T17:59:00-07:00","2025-06-27T20:02:00-07:00","hiking",346.97625732421875,3906.8503267327137,"moderate","","confirmed","85eaaccc-9b6c-4d6e-bde5-1205defb4050"
"2025-06-28","2025-06-28T08:17:00-07:00","2025-06-28T08:46:00-07:00","hiking",51.62331771850586,24.59018422347926,"moderate","","confirmed","7d52c146-9541-48d1-ad17-8eb54e460eb1"
"2025-06-28","2025-06-28T08:59:00-07:00","2025-06-28T09:31:00-07:00","hiking",113.34725952148438,2037.6240511946678,"moderate","","confirmed","a7852054-e094-4315-848f-3e7b64d918d3"
"2025-06-28","2025-06-28T10:17:00-07:00","2025-06-28T10:46:00-07:00","hiking",79.74541473388672,1092.422660471377,"moderate","","confirmed","a2030fa6-b124-49d0-a951-3215e19ccafe"
"2025-06-28","2025-06-28T17:16:00-07:00","2025-06-28T17:27:00-07:00","hiking",19.10131072998047,127.2701842028469,"moderate","","confirmed","7c860c27-c593-41ed-995a-c7236dc6e080"
"2025-06-29","2025-06-29T17:28:00-07:00","2025-06-29T17:46:00-07:00","walking",41.01823425292969,365.26146112695056,"moderate","","confirmed","f5d63a69-597a-4817-a11c-d41efef81c0d"
"2025-06-30","2025-06-30T13:32:00-07:00","2025-06-30T13:43:00-07:00","walking",27.979190826416016,9.881923814557716,"moderate","","confirmed","93b61e00-fd79-48a7-86b6-210eae8b2585"
"2025-07-01","2025-07-01T17:15:00-07:00","2025-07-01T17:50:00-07:00","hiking",93.43107604980469,975.5416710684137,"moderate","","confirmed","edc6956b-e274-4298-a0ca-150a3ebef3e6"
"2025-07-06","2025-07-06T09:45:00-07:00","2025-07-06T10:20:00-07:00","walking",109.9207763671875,89.0454952899998,"moderate","","confirmed","a28f6f41-e9db-47c8-aa39-141f305839e9"
"2025-07-06","2025-07-06T10:53:00-07:00","2025-07-06T11:06:00-07:00","walking",47.01844787597656,39.32988302850975,"moderate","","confirmed","f0613c45-bb64-40c5-8f47-3bdb7308df0c"
"2025-07-06","2025-07-06T11:17:00-07:00","2025-07-06T11:33:00-07:00","walking",48.12919998168945,187.33954090595861,"moderate","","confirmed","e81423fc-54d2-4342-b417-5056ae375033"
"2025-07-06","2025-07-06T17:38:00-07:00","2025-07-06T17:53:00-07:00","walking",26.416168212890625,11.941264841655023,"moderate","","confirmed","342fa5c3-e21d-4314-a107-6b880d734091"
"2025-07-09","2025-07-09T17:00:25-07:00","2025-07-09T17:50:25-07:00","stairExercise",342.8819885253906,1080.5984758886034,"moderate","","manual","bf1e778f-3b32-4fbe-85ca-220fe57f165a"
"2025-07-10","2025-07-10T07:26:00-07:00","2025-07-10T07:41:00-07:00","walking",40.90719985961914,906.7083490946142,"moderate","","confirmed","da1db33b-3e3d-43b3-905b-99f141e90f9c"
"2025-07-10","2025-07-10T19:54:50-07:00","2025-07-10T20:52:50-07:00","surfing",190.69393920898438,39178.55776663076,"moderate","","manual","af10ceb8-865e-48cf-9e4c-da7a21cf73fb"
"2025-07-11","2025-07-11T18:02:00-07:00","2025-07-11T18:33:00-07:00","stairExercise",125.32304382324219,42.704245151429255,"moderate","","confirmed","dacd8ceb-7c89-4acc-a175-ba30204f6125"
"2025-07-17","2025-07-17T12:43:00-07:00","2025-07-17T12:57:00-07:00","walking",43.548519134521484,948.2083052025336,"moderate","","confirmed","bc38b73b-66af-4e3d-b7a1-a952950ae80a"
"2025-07-17","2025-07-17T18:31:00-07:00","2025-07-17T19:15:00-07:00","stairExercise",174.28109741210938,342.8921489022528,"moderate","","confirmed","e7ebe728-5f77-444c-a4ef-da645d8350d0"
"2025-07-23","2025-07-23T16:36:00-07:00","2025-07-23T16:50:00-07:00","walking",48.72752380371094,922.2112314170104,"moderate","","confirmed","6bae2a79-46c1-4d4b-b40c-f474cecf63d4"
"2025-07-25","2025-07-25T10:35:00-07:00","2025-07-25T10:46:00-07:00","surfing",40.95448303222656,51.97411113529942,"moderate","","confirmed","802e34e1-99ee-4a9a-bdf2-689d420144de"
"2025-07-26","2025-07-26T09:13:00-07:00","2025-07-26T09:41:00-07:00","walking",89.54122161865234,87.49273281068233,"moderate","","confirmed","27f47a91-b1e5-4fd6-96f4-d8e78756dcc3"
"2025-07-26","2025-07-26T11:48:00-07:00","2025-07-26T12:33:00-07:00","hiking",155.34213256835938,1041.3728259186091,"moderate","","confirmed","2054af24-fed1-46fb-97bf-75cbced747fc"
